sample_id,tr_id,split,y,cur_dev_s,oof
122048_1767665400,122048,train,-25.0,0.0,5.7718857354878965
122048_1767665700,122048,train,0.0,0.0,38.47923823658598
122048_1767666000,122048,train,0.0,0.0,36.578465901223666
122048_1767666300,122048,train,0.0,0.0,29.651129400848465
122048_1767666600,122048,train,0.0,0.0,11.497827816052064
133957_1767666600,133957,train,-32.0,0.0,5.2837984556823425
129964_1767666600,129964,train,44.0,-97.0,7.007637278191588
133957_1767666900,133957,train,-32.0,0.0,39.81230995693908
132430_1767666900,132430,train,46.0,5.0,15.140981842655783
122048_1767666900,122048,train,0.0,0.0,37.99960323834349
129964_1767666900,129964,train,16.0,-51.0,-17.63635288369732
133957_1767667200,133957,train,17.0,0.0,43.28745774440547
132430_1767667200,132430,train,102.0,22.0,4.734933387087112
122048_1767667200,122048,train,0.0,0.0,15.07456188811321
129964_1767667200,129964,train,-27.0,5.0,0.782182726112826
132430_1767667500,132430,train,-23.0,28.0,29.608711776289002
122048_1767667500,122048,train,0.0,0.0,14.927229787642307
129964_1767667500,129964,train,2.0,46.0,47.50535922278009
133957_1767667500,133957,train,-66.0,-32.0,35.14332736474865
122048_1767667800,122048,train,0.0,0.0,10.410246672721799
133957_1767667800,133957,train,-74.0,24.0,51.15766517547538
132430_1767667800,132430,train,-2.0,93.0,60.12866365284407
129964_1767667800,129964,train,-70.0,6.0,12.19075358730601
134040_1767667800,134040,train,20.0,0.0,3.087606365613775
129964_1767668100,129964,train,-76.0,-7.0,-10.880744545309758
132430_1767668100,132430,train,27.0,40.0,35.552675116246796
122048_1767668100,122048,train,0.0,0.0,7.723143782713611
133957_1767668100,133957,train,-61.0,-7.0,52.103063043017535
134040_1767668100,134040,train,93.0,0.0,3.087606365613775
132430_1767668400,132430,train,22.0,25.0,7.242285636287477
122048_1767668400,122048,train,0.0,0.0,12.01023794969325
133957_1767668400,133957,train,-34.0,-109.0,36.368031446274
122048_1767668700,122048,train,0.0,0.0,1.2454221899995392
132430_1767668700,132430,train,74.0,10.0,14.742834202796939
122048_1767669000,122048,train,0.0,0.0,8.302814599996928
132430_1767669000,132430,train,1.0,20.0,25.90853633332932
133957_1767669300,133957,train,46.0,-34.0,24.11593488259285
132430_1767669300,132430,train,4.0,136.0,104.14817704956162
122048_1767669300,122048,train,0.0,0.0,8.302814599996928
122048_1767669600,122048,train,0.0,0.0,11.426915197522607
133957_1767669600,133957,train,58.0,-34.0,35.55853366598338
132430_1767669600,132430,train,84.0,11.0,35.306238852036934
133957_1767669900,133957,train,40.0,-34.0,36.06956341287274
122048_1767669900,122048,train,0.0,0.0,13.7761116819986
132430_1767669900,132430,train,58.0,-8.0,35.06276660437197
133957_1767670200,133957,train,133.0,21.0,72.41430036429567
134040_1767670200,134040,train,110.0,135.0,2.889019577943361
129964_1767670200,129964,train,74.0,28.0,72.99396921473885
135081_1767670200,135081,train,14.0,0.0,2.22524252599799
122048_1767670200,122048,train,0.0,0.0,13.7761116819986
122048_1767670500,122048,train,0.0,0.0,13.963419280236266
129964_1767670500,129964,train,61.0,-13.0,39.558151088623205
133957_1767670500,133957,train,55.0,36.0,81.04824430813709
134040_1767670500,134040,train,129.0,125.0,34.21635263412937
135081_1767670500,135081,train,63.0,0.0,19.77282558150164
132430_1767670500,132430,train,215.0,99.0,1.5700859899096216
135081_1767670800,135081,train,54.0,0.0,46.618775625746885
129964_1767670800,129964,train,-16.0,103.0,51.74409845917168
133957_1767670800,133957,train,-10.0,112.0,104.09978523013922
122048_1767670800,122048,train,0.0,0.0,20.294933834379304
134040_1767670800,134040,train,132.0,111.0,30.77861414592287
132430_1767670800,132430,train,162.0,58.0,13.732834054062673
134040_1767671100,134040,train,60.0,179.0,87.73089376116097
133957_1767671100,133957,train,-86.0,82.0,10.977100996452679
129964_1767671100,129964,train,-55.0,75.0,29.84144203590467
132430_1767671100,132430,train,137.0,58.0,28.984410551942517
122048_1767671100,122048,train,0.0,0.0,10.775300384067457
135081_1767671100,135081,train,45.0,59.0,61.12491934713533
122048_1767671400,122048,train,0.0,0.0,8.008858769816179
129964_1767671400,129964,train,22.0,4.0,-16.395775535808745
132430_1767671400,132430,train,244.0,215.0,163.98982492345237
134040_1767671400,134040,train,43.0,140.0,25.55409789468694
133957_1767671400,133957,train,-86.0,19.0,2.2772819115264205
135081_1767671400,135081,train,84.0,73.0,73.13766229933519
135081_1767671700,135081,train,104.0,29.0,58.8573659862234
132430_1767671700,132430,train,324.0,143.0,100.94085260369
133957_1767671700,133957,train,-40.0,-64.0,21.322957638011268
134040_1767671700,134040,train,-29.0,146.0,35.57353914721021
122048_1767671700,122048,train,0.0,0.0,7.449795727663384
129964_1767671700,129964,train,-50.0,-25.0,3.9507144929172515
135081_1767672000,135081,train,-33.0,47.0,54.40056775861161
132430_1767672000,132430,train,364.0,215.0,172.39082516093416
129964_1767672000,129964,train,-7.0,60.0,-7.373388213605316
133957_1767672000,133957,train,-29.0,-86.0,7.78646958475056
135081_1767672300,135081,train,-40.0,41.0,28.091203519458432
133957_1767672300,133957,train,-51.0,-118.0,-64.56686081377663
122048_1767672300,122048,train,66.0,0.0,3.1247559167638665
132430_1767672300,132430,train,275.0,276.0,225.11035557465104
129964_1767672300,129964,train,-9.0,-37.0,-41.76263494429406
133957_1767672600,133957,train,-8.0,-14.0,-24.2215950185735
135081_1767672600,135081,train,-145.0,49.0,7.709858451356071
122048_1767672600,122048,train,66.0,0.0,4.496453515631076
132430_1767672600,132430,train,322.0,319.0,259.4974203479308
133957_1767672900,133957,train,-34.0,-41.0,-32.72103244450605
122048_1767672900,122048,train,170.0,0.0,36.108050531440355
132430_1767672900,132430,train,130.0,242.0,22.12982188050626
130238_1767672900,130238,train,-23.0,0.0,7.142055717598035
135081_1767672900,135081,train,-98.0,-32.0,-2.6760988451590797
129964_1767672900,129964,train,-29.0,7.0,0.1323125834230946
129964_1767673200,129964,train,-57.0,-9.0,-17.41454371597189
130238_1767673200,130238,train,39.0,0.0,50.73768467141357
122048_1767673200,122048,train,41.0,66.0,55.93237378560275
132430_1767673200,132430,train,129.0,310.0,98.20004533565387
135081_1767673200,135081,train,71.0,-103.0,-2.7609544072076924
129964_1767673500,129964,train,19.0,-9.0,38.594794799822004
122048_1767673500,122048,train,25.0,169.0,95.55545390938815
132430_1767673500,132430,train,265.0,229.0,174.0627203105429
130238_1767673500,130238,train,26.0,0.0,49.901727200735195
135081_1767673500,135081,train,64.0,-120.0,-9.692228775512811
130238_1767673800,130238,train,10.0,90.0,89.50565166252515
131672_1767673800,131672,train,-73.0,-6.0,16.71110686679493
133957_1767673800,133957,train,32.0,-4.0,0.6919096544336284
129964_1767673800,129964,train,-15.0,-64.0,-39.222512293164385
135081_1767673800,135081,train,111.0,-96.0,4.162950556465403
129964_1767674100,129964,train,72.0,34.0,79.16594307121511
130238_1767674100,130238,train,131.0,39.0,80.44385016447502
135081_1767674100,135081,train,80.0,71.0,61.376526447773635
131672_1767674100,131672,train,121.0,0.0,-1.1872281983401056
133957_1767674100,133957,train,43.0,-4.0,41.22360702978891
133957_1767674400,133957,train,74.0,-4.0,43.19770138423942
135081_1767674400,135081,train,122.0,133.0,80.86646139979094
129964_1767674400,129964,train,95.0,3.0,33.8602709699831
131672_1767674400,131672,train,145.0,-31.0,-42.39590501098801
130238_1767674400,130238,train,168.0,-42.0,41.225460074858795
130238_1767674700,130238,train,240.0,139.0,98.94953924664087
131672_1767674700,131672,train,125.0,-73.0,47.57466642808421
133957_1767674700,133957,train,171.0,48.0,120.35955349855826
135081_1767674700,135081,train,94.0,82.0,49.18996782630935
129964_1767674700,129964,train,46.0,2.0,8.964012522034002
130238_1767675000,130238,train,233.0,179.0,143.24695785664568
135081_1767675000,135081,train,53.0,161.0,55.5072505771226
129964_1767675000,129964,train,38.0,38.0,-17.10225945417764
131672_1767675000,131672,train,166.0,146.0,91.31534783636529
133300_1767675000,133300,train,99.0,0.0,4.235548785791405
133957_1767675000,133957,train,92.0,61.0,93.35360358432966
135081_1767675300,135081,train,208.0,114.0,69.09707574644204
133300_1767675300,133300,train,99.0,0.0,22.799001908050744
131672_1767675300,131672,train,88.0,108.0,112.20472522277134
129964_1767675300,129964,train,105.0,46.0,17.235335062958928
133957_1767675300,133957,train,5.0,123.0,103.94721408779063
133957_1767675600,133957,train,-10.0,67.0,46.77139853375565
122048_1767675600,122048,train,-68.0,2.0,-8.612640872170038
133300_1767675600,133300,train,180.0,0.0,26.065556840566533
129964_1767675600,129964,train,46.0,28.0,21.827639152100357
135081_1767675600,135081,train,299.0,61.0,48.86928037132495
133300_1767675900,133300,train,135.0,99.0,48.379367001361324
122048_1767675900,122048,train,-86.0,-51.0,-14.46666636591231
129964_1767675900,129964,train,20.0,84.0,67.16069233100112
133957_1767675900,133957,train,-32.0,35.0,2.1302345117603054
135081_1767675900,135081,train,224.0,214.0,155.94980561477755
133300_1767676200,133300,train,170.0,253.0,167.04149310646463
129964_1767676200,129964,train,91.0,109.0,43.104323529887296
135081_1767676200,135081,train,126.0,320.0,233.80676577118984
133957_1767676200,133957,train,95.0,19.0,28.27847200631849
122048_1767676200,122048,train,25.0,-80.0,-1.2616852649705277
135081_1767676500,135081,train,-30.0,236.0,18.99418777890976
122048_1767676500,122048,train,-41.0,-19.0,-10.832293315217564
133300_1767676500,133300,train,169.0,156.0,85.31055529418175
133957_1767676500,133957,train,61.0,-32.0,-5.809713892022776
133300_1767676800,133300,train,289.0,137.0,79.12354000292979
122048_1767676800,122048,train,-163.0,-56.0,23.83317703304994
133957_1767676800,133957,train,7.0,-39.0,-34.70207589302603
122048_1767677100,122048,train,-177.0,17.0,27.218556407475816
133957_1767677100,133957,train,-94.0,111.0,79.00918390568113
122048_1767677400,122048,train,-65.0,-113.0,-0.8329769742564859
133957_1767677400,133957,train,-91.0,26.0,24.357764261659216
133300_1767677400,133300,train,87.0,296.0,8.25743169415657
130238_1767677400,130238,train,-50.0,12.0,33.26921168058731
134040_1767677400,134040,train,71.0,189.0,57.132162451004014
122048_1767677700,122048,train,12.0,-203.0,0.9187559955183418
134040_1767677700,134040,train,174.0,120.0,106.25712246449744
133300_1767677700,133300,train,87.0,284.0,80.56281025821404
130238_1767677700,130238,train,-47.0,18.0,26.875822774010047
130238_1767678000,130238,train,-45.0,57.0,51.26850696352286
133300_1767678000,133300,train,108.0,284.0,105.13502898390419
134040_1767678000,134040,train,-25.0,71.0,5.513531627776392
122048_1767678000,122048,train,47.0,-78.0,-0.3695289956600266
133300_1767678300,133300,train,59.0,87.0,93.94906608795726
130238_1767678300,130238,train,-142.0,-49.0,-9.681283552077689
122048_1767678300,122048,train,124.0,-46.0,3.0008988592090713
133300_1767678600,133300,train,40.0,178.0,142.51795707946576
122048_1767678600,122048,train,172.0,7.0,16.451079150443363
133300_1767678900,133300,train,-2.0,76.0,93.83936546543566
122048_1767678900,122048,train,140.0,83.0,45.493766751091364
133957_1767679500,133957,train,49.0,-16.0,5.583967078577625
130238_1767679500,130238,train,0.0,-52.0,-42.80802586577853
130238_1767679800,130238,train,0.0,-52.0,-39.023287987463064
133957_1767679800,133957,train,71.0,-16.0,39.44501729733268
132430_1767679800,132430,train,73.0,0.0,4.075704413784659
134040_1767679800,134040,train,23.0,-25.0,1.7328026762545157
132430_1767680100,132430,train,73.0,0.0,62.573009419161245
134040_1767680100,134040,train,26.0,-25.0,34.26490143668916
133957_1767680100,133957,train,111.0,-16.0,56.44428558974159
130238_1767680100,130238,train,0.0,-52.0,-35.5505756004725
134040_1767680400,134040,train,-52.0,-25.0,78.95482806673346
133957_1767680400,133957,train,18.0,58.0,77.24939996726414
130238_1767680400,130238,train,0.0,0.0,0.4817013207302487
132430_1767680400,132430,train,-15.0,0.0,4.782235688971616
129964_1767680400,129964,train,-51.0,122.0,6.90839640763552
134040_1767680700,134040,train,-87.0,32.0,71.51883255116005
132430_1767680700,132430,train,-42.0,73.0,62.224531245366755
133957_1767680700,133957,train,39.0,99.0,95.04041768866675
130238_1767680700,130238,train,0.0,0.0,18.752530233020366
129964_1767680700,129964,train,-106.0,122.0,43.66317776063505
133957_1767681000,133957,train,-30.0,75.0,40.45812076103644
129964_1767681000,129964,train,7.0,122.0,76.28633406758553
132430_1767681000,132430,train,32.0,73.0,59.47974293837844
130238_1767681000,130238,train,0.0,0.0,36.864453186138675
122658_1767681000,122658,train,181.0,246.0,195.1348134899392
133300_1767681000,133300,train,12.0,36.0,17.25079836841851
134040_1767681000,134040,train,-111.0,-7.0,64.50701990214603
134040_1767681300,134040,train,-75.0,-72.0,-14.841465818968045
129964_1767681300,129964,train,47.0,-51.0,-10.972808045891268
132430_1767681300,132430,train,126.0,-11.0,15.39895648822003
133300_1767681300,133300,train,-61.0,44.0,17.76568799794156
122658_1767681300,122658,train,0.0,181.0,12.817183635485451
130238_1767681300,130238,train,0.0,0.0,41.4164673833074
133957_1767681300,133957,train,-59.0,25.0,50.80808975433185
130238_1767681600,130238,train,0.0,0.0,34.79230762118148
133300_1767681600,133300,train,159.0,-10.0,30.943022488115766
134040_1767681600,134040,train,1.0,-94.0,18.33192296371739
133957_1767681600,133957,train,-30.0,-5.0,38.650750695034944
132430_1767681600,132430,train,65.0,-39.0,2.519746526977464
122658_1767681600,122658,train,0.0,181.0,26.60764661565222
129964_1767681600,129964,train,39.0,-38.0,-14.219667640529378
131672_1767681900,131672,train,37.0,13.0,5.6003369827086
133300_1767681900,133300,train,79.0,-41.0,1.4126602736285252
130238_1767681900,130238,train,0.0,0.0,-3.925916696414656
134040_1767681900,134040,train,-38.0,-79.0,-4.045283440024148
129964_1767681900,129964,train,148.0,-4.0,52.27530099314752
122658_1767681900,122658,train,0.0,181.0,74.9245132413323
133957_1767681900,133957,train,-58.0,-1.0,6.428558696441943
132430_1767681900,132430,train,-62.0,60.0,50.29272127454152
133957_1767682200,133957,train,-19.0,-57.0,-13.80649126027235
133300_1767682200,133300,train,79.0,107.0,-17.691801214029105
131672_1767682200,131672,train,13.0,13.0,44.94986450644601
134040_1767682200,134040,train,-71.0,-45.0,-2.9264063928519866
129964_1767682200,129964,train,188.0,68.0,70.16948292074498
132430_1767682200,132430,train,-16.0,104.0,68.6671931180415
122658_1767682200,122658,train,0.0,0.0,7.139161576718734
129964_1767682500,129964,train,84.0,102.0,23.5847602910566
132430_1767682500,132430,train,248.0,5.0,17.66836612320626
133300_1767682500,133300,train,173.0,158.0,17.02515164868178
131672_1767682500,131672,train,16.0,13.0,59.94025409941829
133957_1767682500,133957,train,-45.0,-12.0,20.11029069153188
122658_1767682500,122658,train,0.0,0.0,5.395691454136286
134040_1767682500,134040,train,46.0,-31.0,10.699963203321945
133957_1767682800,133957,train,-74.0,-58.0,11.945846992580092
132430_1767682800,132430,train,267.0,-16.0,-36.69359356492196
122658_1767682800,122658,train,0.0,0.0,3.216871717562733
133300_1767682800,133300,train,135.0,79.0,45.56091555676462
131672_1767682800,131672,train,-48.0,47.0,79.21285618599767
129964_1767682800,129964,train,70.0,194.0,62.722416356622084
133957_1767683100,133957,train,-8.0,-37.0,17.589122043187032
133300_1767683100,133300,train,169.0,252.0,150.8408380739404
131672_1767683100,131672,train,-52.0,20.0,53.27163046458628
132430_1767683100,132430,train,408.0,-53.0,-11.318274060194979
129964_1767683100,129964,train,154.0,124.0,118.20739343703737
122658_1767683100,122658,train,0.0,0.0,4.444577941533503
129964_1767683400,129964,train,81.0,78.0,76.11712184337394
131672_1767683400,131672,train,-178.0,24.0,-4.108097772508369
122658_1767683400,122658,train,-11.0,0.0,2.1600402805734475
132430_1767683400,132430,train,270.0,291.0,217.00560531835757
133300_1767683400,133300,train,166.0,155.0,75.98366427139908
129964_1767683700,129964,train,145.0,193.0,129.89680344084167
133300_1767683700,133300,train,240.0,148.0,112.9006736603797
133957_1767683700,133957,train,10.0,-8.0,3.602931944756037
122658_1767683700,122658,train,96.0,0.0,35.70294927145442
132430_1767683700,132430,train,163.0,388.0,286.00378313997294
131672_1767683700,131672,train,-200.0,-31.0,-37.569346585138774
122658_1767684000,122658,train,58.0,0.0,76.14906978821408
131672_1767684000,131672,train,-74.0,-52.0,-55.9413149830406
133957_1767684000,133957,train,33.0,-8.0,35.248076451205456
133300_1767684000,133300,train,116.0,172.0,10.193872083491977
129964_1767684000,129964,train,134.0,90.0,94.922609000918
132430_1767684000,132430,train,246.0,300.0,298.176994319995
133300_1767684300,133300,train,116.0,250.0,66.71899581261357
122658_1767684300,122658,train,118.0,33.0,49.47332010947622
132430_1767684300,132430,train,230.0,200.0,180.0908156068361
130238_1767684300,130238,train,16.0,0.0,5.220002750173703
133957_1767684300,133957,train,71.0,-8.0,62.66383957794414
131672_1767684300,131672,train,24.0,-170.0,-66.19117295717331
131672_1767684600,131672,train,-63.0,-7.0,-14.396849530007373
129964_1767684600,129964,train,-29.0,156.0,4.961722492771343
122658_1767684600,122658,train,97.0,102.0,61.41770729643861
135081_1767684600,135081,train,-78.0,-81.0,-51.790089040830146
132430_1767684600,132430,train,215.0,175.0,170.26412337749952
122048_1767684600,122048,train,350.0,436.0,243.53334865783438
133300_1767684600,133300,train,214.0,281.0,126.91267253371575
131672_1767684900,131672,train,-96.0,5.0,4.85297964480601
135081_1767684900,135081,train,-28.0,-91.0,-69.47016765621444
122048_1767684900,122048,train,304.0,466.0,249.58802849280818
129964_1767684900,129964,train,-70.0,134.0,9.472715717839971
132430_1767684900,132430,train,183.0,234.0,187.1728691199873
133300_1767684900,133300,train,244.0,116.0,116.52631065696423
122658_1767684900,122658,train,97.0,188.0,152.91978515407106
135081_1767685200,135081,train,59.0,-83.0,10.707847594375846
122048_1767685200,122048,train,183.0,415.0,238.7384712235714
133300_1767685200,133300,train,255.0,263.0,202.41871196519645
122658_1767685200,122658,train,0.0,98.0,2.2206966593518147
131672_1767685200,131672,train,-126.0,7.0,9.322537812264343
129964_1767685200,129964,train,-34.0,134.0,83.38543707987263
122048_1767685500,122048,train,141.0,347.0,234.19675980442284
129964_1767685500,129964,train,-4.0,-89.0,-42.433655100282095
132430_1767685500,132430,train,167.0,183.0,4.514859368835066
135081_1767685500,135081,train,275.0,-85.0,-8.816508042731085
122658_1767685500,122658,train,0.0,97.0,9.98038788428074
133300_1767685500,133300,train,286.0,265.0,201.50796493555666
135081_1767685800,135081,train,288.0,18.0,66.4799987963466
133300_1767685800,133300,train,404.0,244.0,201.60924962088043
132430_1767685800,132430,train,64.0,183.0,5.57212778729408
129964_1767685800,129964,train,17.0,-51.0,-36.5399667000442
122048_1767685800,122048,train,45.0,228.0,167.55095277877524
122658_1767685800,122658,train,0.0,97.0,11.192530717271964
135081_1767686100,135081,train,247.0,254.0,192.9482233881721
132430_1767686100,132430,train,53.0,183.0,45.53647668129299
122048_1767686100,122048,train,-35.0,188.0,128.17291933454314
122658_1767686100,122658,train,0.0,0.0,7.070085133022888
129964_1767686100,129964,train,162.0,-2.0,65.95738831532205
133300_1767686400,133300,train,-26.0,408.0,8.084673020914476
132430_1767686400,132430,train,30.0,167.0,90.77705999671966
130238_1767686400,130238,train,107.0,233.0,145.90754259758654
129964_1767686400,129964,train,97.0,8.0,20.858890116280783
122048_1767686400,122048,train,-43.0,101.0,60.41693843067921
130238_1767686700,130238,train,1.0,202.0,138.44553542565882
122048_1767686700,122048,train,-49.0,38.0,1.8373306201963346
132430_1767686700,132430,train,53.0,64.0,72.93245478655626
129964_1767686700,129964,train,64.0,124.0,80.55450156654616
122048_1767687000,122048,train,104.0,18.0,-7.526135232169757
132430_1767687000,132430,train,42.0,24.0,57.439367761957335
129964_1767687000,129964,train,42.0,109.0,77.27717560099252
132430_1767687300,132430,train,-108.0,74.0,40.62885211855142
122048_1767687300,122048,train,99.0,-2.0,17.77014294838785
129964_1767687300,129964,train,108.0,42.0,83.68768248088297
132430_1767687600,132430,train,-132.0,52.0,-9.982951523765756
122048_1767687600,122048,train,49.0,133.0,63.51663443237446
129964_1767687600,129964,train,8.0,-4.0,20.482962253223736
129964_1767687900,129964,train,95.0,88.0,73.93252121477477
132430_1767687900,132430,train,-101.0,-50.0,-48.50981285010598
122048_1767687900,122048,train,80.0,146.0,76.08974936553004
122658_1767688200,122658,train,137.0,33.0,62.331906600740155
131672_1767688200,131672,train,16.0,-126.0,5.4812004937816985
130238_1767688200,130238,train,27.0,40.0,30.15846671975341
132430_1767688200,132430,train,194.0,-161.0,-3.9673570077543383
122048_1767688200,122048,train,68.0,46.0,43.34418993738478
134040_1767688200,134040,train,154.0,-13.0,1.210114540263606
122048_1767688500,122048,train,49.0,125.0,50.64559372416898
122658_1767688500,122658,train,-33.0,24.0,-19.807197296934763
134040_1767688500,134040,train,141.0,105.0,65.69621767233534
131672_1767688500,131672,train,20.0,-126.0,0.07141512726997352
130238_1767688500,130238,train,-8.0,40.0,62.59161572146835
132430_1767688500,132430,train,268.0,-84.0,26.445875817004136
122048_1767688800,122048,train,76.0,98.0,60.13782999380257
134040_1767688800,134040,train,128.0,142.0,92.64862045150026
132430_1767688800,132430,train,284.0,257.0,137.30999102951438
131672_1767688800,131672,train,-17.0,-126.0,4.570073610184125
122658_1767688800,122658,train,-34.0,153.0,55.38995485024987
130238_1767688800,130238,train,-92.0,40.0,45.36804538426244
131672_1767689100,131672,train,17.0,16.0,18.05686611478468
122658_1767689100,122658,train,-34.0,-10.0,-3.1198155247550403
134040_1767689100,134040,train,26.0,187.0,88.33855820028667
122048_1767689100,122048,train,94.0,29.0,83.69164469267861
132430_1767689100,132430,train,163.0,257.0,219.21556335161614
130238_1767689100,130238,train,-120.0,20.0,55.53594142797812
122658_1767689400,122658,train,-34.0,-34.0,-33.84233303909184
131672_1767689400,131672,train,-72.0,17.0,16.32059168273841
130238_1767689400,130238,train,37.0,-82.0,20.897882257355004
133300_1767689400,133300,train,9.0,-26.0,5.60864974279608
134040_1767689400,134040,train,94.0,141.0,45.99872664108979
132430_1767689400,132430,train,85.0,380.0,318.40996210995587
122048_1767689400,122048,train,121.0,58.0,72.54407985449116
130238_1767689700,130238,train,57.0,-52.0,33.05463712911655
122658_1767689700,122658,train,-34.0,-34.0,-18.021898772764736
122613_1767689700,122613,train,49.0,0.0,6.145389224933059
122048_1767689700,122048,train,116.0,64.0,46.816371524852755
132430_1767689700,132430,train,7.0,215.0,209.4955197418214
134040_1767689700,134040,train,46.0,144.0,92.73926886919418
133300_1767689700,133300,train,9.0,-26.0,65.50918761424853
131672_1767689700,131672,train,-222.0,56.0,-2.4066661947402195
122048_1767690000,122048,train,73.0,89.0,25.997679678893302
134040_1767690000,134040,train,159.0,102.0,106.8450684363739
122658_1767690000,122658,train,-34.0,-34.0,-14.208535407912624
129964_1767690000,129964,train,65.0,0.0,35.48331444815245
131672_1767690000,131672,train,-208.0,26.0,-32.700398949058254
130238_1767690000,130238,train,40.0,-7.0,20.295916608382957
133300_1767690000,133300,train,68.0,-26.0,70.80657041118859
133957_1767690000,133957,train,-116.0,-9.0,13.32778444262827
122048_1767690300,122048,train,-33.0,133.0,20.46191624762644
129964_1767690300,129964,train,66.0,26.0,43.713409470544875
130238_1767690300,130238,train,49.0,84.0,58.360928464179985
133300_1767690300,133300,train,69.0,9.0,72.92842729284816
122658_1767690300,122658,train,-34.0,-34.0,0.2265786110602961
134040_1767690300,134040,train,-28.0,94.0,0.6119496648049553
131672_1767690300,131672,train,-157.0,-62.0,-11.937469418775217
133957_1767690300,133957,train,-68.0,-49.0,17.55497992043786
130238_1767690600,130238,train,57.0,64.0,42.129867254317354
133300_1767690600,133300,train,59.0,70.0,96.67160540901153
131672_1767690600,131672,train,-39.0,-222.0,-69.51763792992737
122658_1767690600,122658,train,-34.0,-34.0,-6.618101227863815
129964_1767690600,129964,train,79.0,79.0,85.07238703988523
133957_1767690600,133957,train,-88.0,-114.0,-56.94131202437347
122658_1767690900,122658,train,-34.0,-34.0,15.857159052167152
133300_1767690900,133300,train,62.0,43.0,80.68224691851839
133957_1767690900,133957,train,-111.0,-88.0,-95.92292167643238
131672_1767690900,131672,train,-68.0,-224.0,-41.07556335994959
129964_1767690900,129964,train,58.0,119.0,32.776564813215565
131672_1767691200,131672,train,-65.0,-76.0,-96.58533232669201
129964_1767691200,129964,train,64.0,90.0,27.509876570470386
133957_1767691200,133957,train,9.0,-101.0,-24.578027490199
130238_1767691200,130238,train,0.0,31.0,-5.269691674869531
133300_1767691200,133300,train,135.0,60.0,98.30392360691198
129964_1767691500,129964,train,94.0,72.0,73.3448153385966
131672_1767691500,131672,train,-10.0,-17.0,-79.93150373829087
130238_1767691500,130238,train,0.0,38.0,-28.66758586305169
133957_1767691800,133957,train,48.0,9.0,2.758026496853791
129964_1767691800,129964,train,42.0,57.0,46.947813967233486
122048_1767691800,122048,train,233.0,35.0,-7.457211673451184
130238_1767691800,130238,train,0.0,38.0,-16.658583516137586
130238_1767692100,130238,train,0.0,0.0,-1.7551789745658481
133957_1767692100,133957,train,50.0,9.0,33.38279319616846
129964_1767692100,129964,train,16.0,78.0,10.507595505643796
122048_1767692100,122048,train,200.0,35.0,82.35398413955308
129964_1767692400,129964,train,106.0,100.0,105.45209961564521
130238_1767692400,130238,train,0.0,0.0,17.92542093649518
133957_1767692400,133957,train,223.0,9.0,90.94749754134732
122048_1767692400,122048,train,91.0,35.0,95.93187349684587
130238_1767692700,130238,train,0.0,0.0,-2.973728162356198
122048_1767692700,122048,train,-63.0,204.0,162.31130237310114
133957_1767692700,133957,train,191.0,40.0,98.7930335517926
130238_1767693000,130238,train,0.0,0.0,-47.34952681405653
122048_1767693000,122048,train,-67.0,98.0,111.65920616366675
133957_1767693000,133957,train,80.0,208.0,135.47486875960604
130238_1767693300,130238,train,0.0,0.0,-88.33478518167743
132430_1767693300,132430,train,132.0,-212.0,4.772226625672102
133957_1767693300,133957,train,23.0,142.0,124.32716415773584
122048_1767693300,122048,train,-115.0,-96.0,-41.6756040203034
122613_1767693600,122613,train,-180.0,-157.0,-21.141943077675972
122048_1767693600,122048,train,-142.0,-59.0,-19.67732004713282
133300_1767693600,133300,train,168.0,-17.0,54.121060943728224
132430_1767693600,132430,train,132.0,-212.0,23.455310459871107
133957_1767693600,133957,train,-24.0,132.0,68.1963361431223
122613_1767693900,122613,train,-108.0,-191.0,12.836105883871268
122048_1767693900,122048,train,-110.0,-81.0,-40.61142592853254
133957_1767693900,133957,train,13.0,29.0,64.5498647293181
132430_1767693900,132430,train,33.0,-212.0,-1.0894548752247573
133300_1767694200,133300,train,-63.0,104.0,1.5716652363869406
122613_1767694200,122613,train,-140.0,-181.0,25.90554931383983
122048_1767694200,122048,train,-50.0,-91.0,-41.486936490651
132430_1767694200,132430,train,90.0,132.0,36.968380614631414
133957_1767694200,133957,train,21.0,45.0,19.484715296450112
122613_1767694500,122613,train,-70.0,-185.0,13.610327961308041
132430_1767694500,132430,train,144.0,132.0,48.00639037523483
133957_1767694500,133957,train,-22.0,-21.0,-13.698392815249479
122048_1767694500,122048,train,-184.0,-104.0,-25.074772210566337
133300_1767694500,133300,train,-63.0,183.0,-2.919394040515678
132430_1767694800,132430,train,233.0,36.0,62.22211179620201
133957_1767694800,133957,train,24.0,42.0,14.708803809932292
122048_1767694800,122048,train,-250.0,-106.0,-77.05463210347999
122613_1767694800,122613,train,-38.0,-108.0,18.45639329739499
133300_1767694800,133300,train,54.0,183.0,16.875710432106327
122613_1767695100,122613,train,30.0,-99.0,30.657339890100882
122048_1767695100,122048,train,-359.0,-136.0,-109.87259318705937
133300_1767695100,133300,train,90.0,-63.0,4.149626999848249
132430_1767695100,132430,train,116.0,106.0,74.63955106965534
133957_1767695100,133957,train,-17.0,-15.0,-35.01957812956788
132430_1767695400,132430,train,26.0,188.0,53.947030221114105
129964_1767695400,129964,train,-51.0,90.0,2.8698435347687794
130238_1767695400,130238,train,-12.0,0.0,-22.607631745174167
122613_1767695400,122613,train,123.0,-122.0,38.9219259115206
133957_1767695400,133957,train,28.0,-1.0,-46.94922097653504
129964_1767695700,129964,train,-51.0,90.0,19.132290231791863
132430_1767695700,132430,train,30.0,217.0,140.04175451033595
130238_1767695700,130238,train,2.0,0.0,-2.1922279449961364
122613_1767695700,122613,train,61.0,5.0,40.80468896879815
129964_1767696000,129964,train,-11.0,90.0,19.177681013509357
133957_1767696000,133957,train,138.0,-7.0,3.056974986809807
132430_1767696000,132430,train,-71.0,-5.0,-30.134319343569423
130238_1767696000,130238,train,-34.0,16.0,-7.149138026394377
132430_1767696300,132430,train,221.0,14.0,43.99288718867111
129964_1767696300,129964,train,73.0,-51.0,9.445134621284176
133957_1767696300,133957,train,156.0,107.0,36.13922867298044
130238_1767696300,130238,train,10.0,-13.0,49.722410941711516
132430_1767696600,132430,train,264.0,48.0,93.18295701412234
129964_1767696600,129964,train,111.0,-10.0,54.07215479092186
133957_1767696600,133957,train,185.0,107.0,120.82640301473182
130238_1767696600,130238,train,46.0,16.0,55.347682856339524
129964_1767696900,129964,train,140.0,107.0,105.60183594380264
122613_1767696900,122613,train,0.0,31.0,3.5283580111237245
133957_1767696900,133957,train,111.0,155.0,156.8891998496329
132430_1767696900,132430,train,113.0,237.0,246.89840006738112
130238_1767696900,130238,train,29.0,-74.0,-19.485995292507923
132430_1767697200,132430,train,17.0,267.0,276.03937999548606
133300_1767697200,133300,train,49.0,243.0,42.9846369590217
133957_1767697200,133957,train,64.0,167.0,178.28925744068155
129964_1767697200,129964,train,133.0,120.0,104.30300440708393
130238_1767697200,130238,train,40.0,39.0,80.38674663916525
129964_1767697500,129964,train,75.0,169.0,55.561546809641435
133957_1767697500,133957,train,3.0,161.0,101.14504039819084
132430_1767697500,132430,train,86.0,159.0,151.1319510660703
130238_1767697500,130238,train,32.0,41.0,31.734135635985407
133300_1767697500,133300,train,77.0,-52.0,22.743361030400774
133957_1767697800,133957,train,18.0,86.0,83.94703644199726
135081_1767697800,135081,train,77.0,277.0,6.9100091915896344
132430_1767697800,132430,train,70.0,62.0,59.081230684425115
133300_1767697800,133300,train,65.0,12.0,32.083796136513556
129964_1767697800,129964,train,26.0,138.0,69.12249489834977
135081_1767698100,135081,train,95.0,277.0,54.48472883670709
133300_1767698100,133300,train,151.0,28.0,49.24565525243541
132430_1767698100,132430,train,49.0,55.0,64.8348574871499
133957_1767698100,133957,train,-47.0,21.0,-7.747696697618321
131672_1767698100,131672,train,27.0,-92.0,5.643175745490685
129964_1767698100,129964,train,10.0,86.0,40.31147869169344
135081_1767698400,135081,train,135.0,277.0,62.69241474543644
129964_1767698400,129964,train,14.0,12.0,20.348682400068974
132430_1767698400,132430,train,49.0,96.0,80.75863435551432
131672_1767698400,131672,train,60.0,-92.0,1.8041749672678091
133957_1767698400,133957,train,-69.0,36.0,20.159918840724377
133300_1767698400,133300,train,225.0,60.0,105.95050921317726
131672_1767698700,131672,train,82.0,-92.0,32.43082378764477
129964_1767698700,129964,train,0.0,-27.0,-35.5392606461132
135081_1767698700,135081,train,126.0,77.0,74.33414524408035
133957_1767698700,133957,train,-145.0,-27.0,-56.625983378058606
133957_1767699000,133957,train,-96.0,-78.0,-93.03001103058595
129964_1767699000,129964,train,80.0,19.0,1.8163449234656805
132430_1767699000,132430,train,14.0,49.0,3.5439361285463025
135081_1767699000,135081,train,28.0,242.0,117.91034965599088
122613_1767699000,122613,train,0.0,0.0,20.17267894607497
131672_1767699000,131672,train,4.0,59.0,39.95996000351772
132430_1767699300,132430,train,14.0,49.0,82.21023607426687
122613_1767699300,122613,train,0.0,0.0,-13.84266223826942
129964_1767699300,129964,train,49.0,-49.0,-10.282202937656173
133957_1767699300,133957,train,-249.0,-169.0,-66.94442894758424
131672_1767699300,131672,train,40.0,30.0,48.73154471564541
135081_1767699300,135081,train,45.0,132.0,93.78586687690999
131672_1767699600,131672,train,-28.0,114.0,-1.9397769595605208
133957_1767699600,133957,train,-254.0,-150.0,-76.43523039395441
135081_1767699600,135081,train,55.0,50.0,65.62623562432955
132430_1767699600,132430,train,-87.0,49.0,10.495134511910514
122613_1767699600,122613,train,-145.0,0.0,-102.55940484332
135081_1767699900,135081,train,36.0,54.0,19.314860887228154
129964_1767699900,129964,train,-53.0,53.0,-3.9171827027711816
132430_1767699900,132430,train,-110.0,14.0,75.0743162585566
131672_1767699900,131672,train,-29.0,14.0,-27.233804694136666
133957_1767699900,133957,train,-158.0,-181.0,6.939889796225594
122613_1767699900,122613,train,-230.0,0.0,-105.79954825842104
131672_1767700200,131672,train,-23.0,53.0,15.704531835685739
129964_1767700200,129964,train,-73.0,49.0,-26.310341231377073
133957_1767700200,133957,train,80.0,-288.0,16.56922957383179
135081_1767700200,135081,train,-24.0,36.0,-36.7532505710346
132430_1767700200,132430,train,-136.0,14.0,-5.1772685555506115
122613_1767700200,122613,train,-116.0,-25.0,-98.66247408484321
129964_1767700500,129964,train,90.0,49.0,61.277793457323995
132430_1767700500,132430,train,-6.0,-115.0,14.739277791565023
133957_1767700500,133957,train,42.0,-158.0,39.22329609192047
131672_1767700500,131672,train,-47.0,-13.0,-3.259761408431675
122613_1767700500,122613,train,-79.0,-265.0,-114.37562040197629
135081_1767700500,135081,train,-98.0,-18.0,-83.17092539590863
122048_1767700800,122048,train,374.0,-314.0,106.9312005830594
131672_1767700800,131672,train,-105.0,-70.0,-1.7610811794775003
133300_1767700800,133300,train,260.0,16.0,71.18235271683956
122613_1767700800,122613,train,-50.0,-114.0,-64.32078174397374
122658_1767700800,122658,train,143.0,50.0,30.801963313845047
122048_1767701100,122048,train,312.0,294.0,78.19028668044494
122658_1767701100,122658,train,121.0,216.0,147.12236632954395
122613_1767701100,122613,train,-155.0,-156.0,-44.8117089939445
131672_1767701100,131672,train,-83.0,-83.0,-13.306039403628125
122613_1767701400,122613,train,-175.0,-83.0,-56.85229424395976
122048_1767701400,122048,train,354.0,432.0,91.34801017353966
133300_1767701400,133300,train,-7.0,140.0,0.8057236499856393
131672_1767701400,131672,train,-207.0,-31.0,-41.67017223099696
133300_1767701700,133300,train,-7.0,295.0,33.828017745231385
122658_1767701700,122658,train,0.0,121.0,1.0987567240504403
122048_1767701700,122048,train,273.0,427.0,217.11181295426397
122613_1767701700,122613,train,-47.0,-71.0,2.1331488707579864
122658_1767702000,122658,train,0.0,121.0,6.022136041811025
133300_1767702000,133300,train,132.0,295.0,74.48723132344838
122613_1767702000,122613,train,-61.0,-155.0,-56.22302037524284
122048_1767702000,122048,train,252.0,345.0,217.88707481385387
122658_1767702300,122658,train,0.0,121.0,35.22045727872323
122048_1767702300,122048,train,158.0,320.0,227.79203334602747
122613_1767702300,122613,train,66.0,-90.0,33.93167255064023
133300_1767702300,133300,train,114.0,-7.0,54.139157550555275
133957_1767702600,133957,train,172.0,65.0,70.3692428229988
133300_1767702600,133300,train,47.0,60.0,63.990075373429406
132430_1767702600,132430,train,-64.0,101.0,134.62218020211932
122658_1767702600,122658,train,0.0,0.0,-2.5824561276344515
122048_1767702600,122048,train,144.0,228.0,167.50643592466997
135081_1767702600,135081,train,-131.0,-51.0,-41.30350023341893
135081_1767702900,135081,train,-144.0,-36.0,-49.64788910283753
133300_1767702900,133300,train,95.0,51.0,85.3976683768168
122658_1767702900,122658,train,0.0,0.0,-2.25763933170671
122048_1767702900,122048,train,138.0,207.0,157.93423712464138
133957_1767702900,133957,train,97.0,143.0,51.48095463205263
132430_1767702900,132430,train,-181.0,104.0,-9.83632184085294
134040_1767703200,134040,train,-35.0,-28.0,-8.147007696360618
122658_1767703200,122658,train,0.0,0.0,-26.762787661427303
131672_1767703200,131672,train,17.0,-207.0,5.911945023848252
132430_1767703200,132430,train,-100.0,0.0,2.9628516557367295
122048_1767703200,122048,train,87.0,175.0,120.7599685813086
133957_1767703200,133957,train,101.0,157.0,78.87183952195714
133300_1767703200,133300,train,322.0,59.0,115.0835622430637
135081_1767703200,135081,train,-171.0,-60.0,-91.20831306078593
133957_1767703500,133957,train,161.0,164.0,104.75491304607026
132430_1767703500,132430,train,-75.0,-120.0,-54.58793238981035
134040_1767703500,134040,train,-35.0,-28.0,2.491806486172168
122658_1767703500,122658,train,0.0,0.0,6.897948728234854
131672_1767703500,131672,train,76.0,-207.0,2.3857646733382523
122048_1767703500,122048,train,84.0,197.0,118.29443553572054
135081_1767703500,135081,train,-72.0,-131.0,-66.66050826989147
132430_1767703800,132430,train,-58.0,-140.0,-33.75962252950676
122658_1767703800,122658,train,103.0,0.0,16.80494578708672
135081_1767703800,135081,train,-16.0,-171.0,27.069989112739705
131672_1767703800,131672,train,53.0,-207.0,-0.6645424578394148
134040_1767703800,134040,train,52.0,-28.0,56.20574204953239
133957_1767703800,133957,train,40.0,77.0,45.52381303441564
133300_1767703800,133300,train,-25.0,158.0,7.997845862329164
122048_1767703800,122048,train,84.0,98.0,2.14206837543375
131672_1767704100,131672,train,192.0,53.0,90.60964450253319
132430_1767704100,132430,train,-74.0,-120.0,24.98474407351261
133957_1767704100,133957,train,139.0,170.0,42.61873540475595
135081_1767704100,135081,train,-27.0,-93.0,31.33484895971312
122658_1767704100,122658,train,252.0,0.0,3.9270155249150753
134040_1767704100,134040,train,87.0,-35.0,61.50251310469173
122048_1767704100,122048,train,0.0,84.0,11.37754973582598
122048_1767704400,122048,train,0.0,84.0,109.69717175541679
134040_1767704400,134040,train,91.0,78.0,24.04176422795596
135081_1767704400,135081,train,11.0,6.0,25.419729774482718
122658_1767704400,122658,train,289.0,0.0,45.34075778468243
129964_1767704400,129964,train,-106.0,-57.0,-55.537551104947305
122048_1767704700,122048,train,0.0,84.0,29.857744342071335
132430_1767704700,132430,train,16.0,-74.0,0.23309326554762974
134040_1767704700,134040,train,-7.0,76.0,33.437072853909754
122658_1767704700,122658,train,321.0,148.0,113.67899561428753
129964_1767704700,129964,train,-150.0,-57.0,-7.42827193493338
134040_1767705000,134040,train,47.0,83.0,45.958337647345
122658_1767705000,122658,train,406.0,319.0,277.9110550518498
122048_1767705000,122048,train,0.0,0.0,44.64960684347625
129964_1767705000,129964,train,-165.0,-106.0,15.754531563063932
132430_1767705000,132430,train,16.0,-74.0,-14.790606422004627
132430_1767705300,132430,train,17.0,-74.0,-6.033809825616516
122048_1767705300,122048,train,0.0,0.0,22.901855419681652
129964_1767705300,129964,train,-95.0,-157.0,-20.34922556338517
134040_1767705300,134040,train,84.0,-16.0,55.53221360629013
132430_1767705600,132430,train,77.0,16.0,3.910234505937193
133957_1767705600,133957,train,113.0,139.0,63.86350252148817
129964_1767705600,129964,train,11.0,-129.0,-45.740347237553166
122658_1767705600,122658,train,0.0,413.0,17.827044259676544
122048_1767705600,122048,train,0.0,0.0,37.90048771189257
134040_1767705600,134040,train,113.0,27.0,34.06989243066493
122613_1767705900,122613,train,0.0,64.0,-0.76503945713771
133957_1767705900,133957,train,123.0,139.0,59.44551376593441
132430_1767705900,132430,train,57.0,16.0,-40.431264645146264
129964_1767705900,129964,train,-32.0,-135.0,-104.81038808831552
122658_1767705900,122658,train,0.0,406.0,78.09329371862643
134040_1767705900,134040,train,37.0,62.0,29.71961680371289
122048_1767705900,122048,train,0.0,0.0,30.513350512208024
135081_1767705900,135081,train,79.0,9.0,0.34485641588363
122048_1767706200,122048,train,0.0,0.0,29.262272796558005
131672_1767706200,131672,train,37.0,11.0,-32.30121162564953
129964_1767706200,129964,train,-50.0,-20.0,-60.41611763390697
132430_1767706200,132430,train,196.0,31.0,64.70062216837968
134040_1767706200,134040,train,123.0,112.0,-17.6990455733617
134040_1767706500,134040,train,172.0,75.0,89.94020670870314
132430_1767706500,132430,train,103.0,83.0,78.444107889343
131672_1767706500,131672,train,131.0,82.0,33.55315496438706
122048_1767706500,122048,train,0.0,0.0,39.75798064006581
129964_1767706500,129964,train,-51.0,26.0,-56.49012381339994
129964_1767706800,129964,train,-34.0,-73.0,-66.88733063327493
134040_1767706800,134040,train,317.0,123.0,91.60337378372867
122048_1767706800,122048,train,0.0,0.0,42.48412011190179
132430_1767706800,132430,train,53.0,125.0,13.271457635328636
134040_1767707100,134040,train,231.0,109.0,109.42921197918528
129964_1767707100,129964,train,25.0,-133.0,-43.674948540627355
122048_1767707100,122048,train,0.0,0.0,19.560281177875915
132430_1767707100,132430,train,78.0,165.0,43.98008742570545
122048_1767707400,122048,train,0.0,0.0,23.104031887327356
134040_1767707400,134040,train,234.0,231.0,176.04977149653615
129964_1767707400,129964,train,-62.0,-88.0,-60.36800530593238
132430_1767707400,132430,train,39.0,32.0,41.65769892252959
122048_1767707700,122048,train,0.0,0.0,-0.9877393326998053
134040_1767707700,134040,train,200.0,290.0,128.13384800594625
132430_1767707700,132430,train,58.0,74.0,87.63883121455737
129964_1767707700,129964,train,5.0,13.0,-8.75358518973067
133957_1767708000,133957,train,253.0,251.0,199.32190706552825
132430_1767708000,132430,train,192.0,119.0,86.96614855622965
129964_1767708000,129964,train,-6.0,-29.0,-55.702073653036535
122613_1767708000,122613,train,0.0,0.0,-39.744356411207626
135081_1767708000,135081,train,19.0,285.0,200.34518339846397
133957_1767708300,133957,train,180.0,262.0,163.4718376829936
122613_1767708300,122613,train,0.0,0.0,-97.43156955892435
132430_1767708300,132430,train,68.0,44.0,88.09057604406789
135081_1767708300,135081,train,-36.0,174.0,95.51367186506157
129964_1767708600,129964,train,-114.0,-29.0,-7.80943157904089
122613_1767708600,122613,train,-77.0,0.0,-98.92849125063888
135081_1767708600,135081,train,-19.0,39.0,14.090366699007351
131672_1767708600,131672,train,60.0,51.0,7.419647826842763
132430_1767708600,132430,train,-7.0,146.0,15.429194355314799
133957_1767708600,133957,train,238.0,222.0,154.0841889351982
131672_1767708900,131672,train,90.0,51.0,53.25979708976917
132430_1767708900,132430,train,115.0,98.0,43.96869402615956
122613_1767708900,122613,train,0.0,0.0,-101.50009394087493
135081_1767708900,135081,train,-17.0,-1.0,-25.07237009162253
129964_1767708900,129964,train,-106.0,-6.0,-19.296293313916408
133957_1767708900,133957,train,170.0,225.0,109.33373724414265
132430_1767709200,132430,train,98.0,31.0,22.726380347890267
122613_1767709200,122613,train,0.0,0.0,-52.94086671763004
135081_1767709200,135081,train,-17.0,-85.0,-6.258775399867896
133957_1767709200,133957,train,81.0,219.0,90.0889555588681
131672_1767709200,131672,train,91.0,51.0,26.40566134266329
129964_1767709200,129964,train,-77.0,-6.0,23.73203630823483
131672_1767709500,131672,train,115.0,81.0,126.68332444974803
132430_1767709500,132430,train,158.0,93.0,62.2873474193887
122613_1767709500,122613,train,0.0,0.0,-83.62455035515144
135081_1767709500,135081,train,-102.0,-82.0,-53.388924511022104
129964_1767709500,129964,train,-93.0,-188.0,-84.01247474675567
122613_1767709800,122613,train,0.0,0.0,-30.660695648134798
135081_1767709800,135081,train,-84.0,-13.0,-15.683131762593467
134040_1767709800,134040,train,79.0,63.0,49.000585741979336
132430_1767709800,132430,train,137.0,119.0,96.8706724183596
129964_1767709800,129964,train,-69.0,-75.0,-36.73804965063242
122613_1767710100,122613,train,0.0,0.0,-55.345404818863926
129964_1767710100,129964,train,-42.0,-84.0,-52.91199209745087
135081_1767710100,135081,train,-126.0,-35.0,-31.085272693723525
134040_1767710100,134040,train,4.0,31.0,-1.0255252845157912
122613_1767710400,122613,train,0.0,0.0,-57.45702783875058
132430_1767710400,132430,train,23.0,137.0,4.526719061356294
134040_1767710400,134040,train,68.0,69.0,19.903371498886113
129964_1767710400,129964,train,-145.0,-85.0,-103.51307829124303
135081_1767710400,135081,train,-128.0,-50.0,-53.5530339975106
135081_1767710700,135081,train,-145.0,-80.0,-114.50334755202293
122613_1767710700,122613,train,0.0,0.0,-49.71971353188678
134040_1767710700,134040,train,87.0,68.0,47.12840067883864
132430_1767710700,132430,train,23.0,137.0,50.083790762271775
129964_1767710700,129964,train,-127.0,-53.0,-109.74758119286467
134040_1767711000,134040,train,187.0,76.0,90.12125373569324
129964_1767711000,129964,train,-207.0,-116.0,-109.20520050839683
132430_1767711000,132430,train,47.0,137.0,10.849110997732756
122613_1767711000,122613,train,0.0,0.0,-40.13119612841035
135081_1767711000,135081,train,-175.0,-59.0,-106.4397412671372
134040_1767711300,134040,train,267.0,78.0,71.35566040281539
129964_1767711300,129964,train,-66.0,-142.0,-83.96185643428511
122613_1767711300,122613,train,0.0,0.0,45.23387660544706
132430_1767711300,132430,train,33.0,23.0,61.153598360477346
135081_1767711300,135081,train,-168.0,-197.0,-85.4108133585322
135081_1767711600,135081,train,11.0,-140.0,-11.928338399517763
131672_1767711600,131672,train,-47.0,-71.0,-48.493271430139764
133957_1767711600,133957,train,26.0,187.0,171.35952120422448
132430_1767711600,132430,train,171.0,23.0,27.454260377319176
134040_1767711600,134040,train,199.0,174.0,-1.4889895520876195
133957_1767711900,133957,train,17.0,149.0,102.33736087999601
134040_1767711900,134040,train,181.0,241.0,94.57097695890087
131672_1767711900,131672,train,-52.0,-35.0,-23.806560991201152
132430_1767711900,132430,train,384.0,56.0,108.27780282271087
135081_1767711900,135081,train,-12.0,-156.0,-7.7106873811399685
132430_1767712200,132430,train,291.0,132.0,105.92334560559438
135081_1767712200,135081,train,-28.0,22.0,13.43407556097532
133300_1767712200,133300,train,-35.0,-25.0,1.0488544941649602
134040_1767712200,134040,train,202.0,230.0,169.28705219212358
133957_1767712200,133957,train,28.0,47.0,90.26720650124719
133957_1767712500,133957,train,-36.0,61.0,88.6077109170262
135081_1767712500,135081,train,59.0,-40.0,-41.4773664701001
133300_1767712500,133300,train,-35.0,-25.0,21.462611418878463
132430_1767712500,132430,train,226.0,277.0,199.26773679036452
134040_1767712500,134040,train,199.0,194.0,198.20520360827948
130238_1767712500,130238,train,10.0,-28.0,4.902137408861164
134040_1767712800,134040,train,183.0,175.0,191.7412024227649
130238_1767712800,130238,train,-40.0,-28.0,4.83986430473031
132430_1767712800,132430,train,258.0,377.0,267.58484400179555
133300_1767712800,133300,train,36.0,-25.0,68.40823227862215
133957_1767712800,133957,train,-93.0,23.0,-14.701557540364433
134040_1767713100,134040,train,91.0,250.0,185.7124228322511
130238_1767713100,130238,train,-124.0,-28.0,-4.0456775938054
132430_1767713100,132430,train,199.0,237.0,175.86129082425097
133300_1767713100,133300,train,-9.0,-35.0,66.44552320006274
133957_1767713100,133957,train,74.0,-16.0,-8.38951598228556
122658_1767713100,122658,train,27.0,0.0,-5.6857138415063035
122613_1767713400,122613,train,0.0,0.0,-2.3175594846279925
122658_1767713400,122658,train,86.0,0.0,21.806731346955633
131672_1767713400,131672,train,12.0,-93.0,-0.4539326860846252
130238_1767713400,130238,train,-99.0,10.0,56.046428014191065
133957_1767713400,133957,train,75.0,-71.0,-34.938963995395845
122048_1767713400,122048,train,0.0,36.0,8.571208667237721
129964_1767713400,129964,train,-129.0,290.0,22.353396697205596
122613_1767713700,122613,train,0.0,0.0,-4.453530471433305
131672_1767713700,131672,train,86.0,-93.0,44.69509979906611
129964_1767713700,129964,train,-33.0,-108.0,-49.31148558060696
133957_1767713700,133957,train,-11.0,5.0,-41.23590285437224
122658_1767713700,122658,train,159.0,0.0,-10.000615223079746
122048_1767713700,122048,train,0.0,45.0,86.19901506638168
130238_1767713700,130238,train,-47.0,-119.0,-31.361500153515493
122613_1767714000,122613,train,0.0,0.0,-13.897320731179853
131672_1767714000,131672,train,67.0,-93.0,31.691276305841598
122048_1767714000,122048,train,0.0,37.0,-0.2965814485404695
130238_1767714000,130238,train,-41.0,-98.0,-32.07564487801973
122658_1767714000,122658,train,225.0,83.0,107.27349288650503
129964_1767714000,129964,train,25.0,-124.0,-45.87885602703374
122613_1767714300,122613,train,0.0,0.0,-14.61944948276146
130238_1767714300,130238,train,-45.0,-130.0,-25.55402160653529
129964_1767714300,129964,train,8.0,9.0,29.67595431837457
122048_1767714300,122048,train,0.0,0.0,34.954367732439195
131672_1767714300,131672,train,70.0,59.0,97.78781225386635
122658_1767714300,122658,train,348.0,82.0,73.31857419666581
122048_1767714600,122048,train,0.0,0.0,26.117663941842704
129964_1767714600,129964,train,-49.0,26.0,-24.78977954543602
122613_1767714600,122613,train,0.0,0.0,-22.741033159892545
130238_1767714600,130238,train,-30.0,-37.0,-95.00842246063341
122658_1767714600,122658,train,362.0,150.0,111.26675793930933
131672_1767714600,131672,train,13.0,40.0,60.46898108602506
122613_1767714900,122613,train,0.0,0.0,-8.309991749353134
130238_1767714900,130238,train,-78.0,-6.0,-14.683296715344438
122658_1767714900,122658,train,2.0,154.0,14.61618349609208
129964_1767714900,129964,train,-82.0,70.0,-39.07395062976841
122048_1767714900,122048,train,0.0,0.0,16.093925654303966
131672_1767714900,131672,train,-150.0,59.0,-2.006966175433332
122048_1767715200,122048,train,0.0,0.0,-16.103675863997005
122658_1767715200,122658,train,0.0,362.0,125.89735634636611
132430_1767715200,132430,train,485.0,301.0,282.3401214874141
122613_1767715200,122613,train,0.0,0.0,-26.430280803473035
133300_1767715200,133300,train,22.0,66.0,17.927317336176774
129964_1767715200,129964,train,-134.0,15.0,-65.03766337536224
130238_1767715200,130238,train,-97.0,-66.0,-47.521428869538845
122658_1767715500,122658,train,0.0,362.0,119.10803404793
132430_1767715500,132430,train,483.0,356.0,293.86839227665234
122048_1767715500,122048,train,0.0,0.0,13.36486519683205
129964_1767715500,129964,train,-115.0,-86.0,-94.44285002769314
122613_1767715500,122613,train,0.0,0.0,-83.51003841643653
133300_1767715500,133300,train,-24.0,-7.0,10.333447998106863
122613_1767715800,122613,train,-18.0,0.0,-48.1483188776982
133300_1767715800,133300,train,-87.0,-14.0,-23.62341682468352
122048_1767715800,122048,train,0.0,0.0,64.19741121061291
122658_1767715800,122658,train,0.0,2.0,6.690282912412569
129964_1767715800,129964,train,-2.0,-148.0,-63.412923612057725
133300_1767716100,133300,train,-38.0,-61.0,-33.16301368257861
122613_1767716100,122613,train,11.0,0.0,-33.59469722211309
129964_1767716100,129964,train,-46.0,-162.0,-96.04573485943186
122048_1767716100,122048,train,0.0,0.0,13.171875605841517
122658_1767716100,122658,train,0.0,0.0,1.041474283622599
133300_1767716400,133300,train,207.0,-79.0,10.107982823398485
122048_1767716400,122048,train,0.0,0.0,28.61003366705083
129964_1767716400,129964,train,-13.0,-23.0,-44.70241044420195
133957_1767716400,133957,train,115.0,66.0,70.11774283331958
122613_1767716400,122613,train,-88.0,-35.0,-83.54772702872592
130238_1767716400,130238,train,98.0,-97.0,-42.53863604992935
122658_1767716400,122658,train,0.0,0.0,2.1870505969501792
122613_1767716700,122613,train,-27.0,70.0,12.908697243019045
133957_1767716700,133957,train,104.0,66.0,70.33484093106064
130238_1767716700,130238,train,9.0,-97.0,-7.740982325142265
122048_1767716700,122048,train,0.0,0.0,22.418268527177705
129964_1767716700,129964,train,303.0,-44.0,-2.1477632719379054
122658_1767716700,122658,train,0.0,0.0,5.029112904457904
122658_1767717000,122658,train,0.0,0.0,16.132547675175775
130238_1767717000,130238,train,-55.0,-97.0,16.301262156282046
135081_1767717000,135081,train,92.0,114.0,107.31101433648276
122613_1767717000,122613,train,-62.0,-48.0,-68.9696842394472
129964_1767717300,129964,train,-111.0,-26.0,-8.044014645603848
135081_1767717300,135081,train,-22.0,150.0,30.890241443851952
130238_1767717300,130238,train,-41.0,67.0,96.4633947822077
122613_1767717300,122613,train,-54.0,-15.0,-30.66388307526847
122613_1767717600,122613,train,-11.0,-33.0,-33.44630541029753
130238_1767717600,130238,train,-57.0,-45.0,32.736307733875556
135081_1767717600,135081,train,-133.0,153.0,7.828266127566756
129964_1767717600,129964,train,-126.0,-19.0,-23.355870787130467
122658_1767717600,122658,train,-46.0,0.0,-12.71777922678274
135081_1767717900,135081,train,-127.0,24.0,-38.91177113854313
122613_1767717900,122613,train,55.0,-90.0,-12.244182465209628
122658_1767717900,122658,train,38.0,0.0,14.696523172912366
129964_1767717900,129964,train,38.0,-19.0,15.895777969688996
130238_1767717900,130238,train,-92.0,-76.0,35.535063707321164
129964_1767718200,129964,train,57.0,-175.0,-58.836722140959424
130238_1767718200,130238,train,-38.0,-43.0,-40.33084351370606
122613_1767718200,122613,train,72.0,31.0,51.85894732676355
122658_1767718200,122658,train,39.0,0.0,41.984460509521966
135081_1767718200,135081,train,-51.0,-121.0,-57.169644381728595
122658_1767718500,122658,train,63.0,23.0,75.67879929842829
122613_1767718500,122613,train,72.0,-11.0,84.69883972594643
129964_1767718500,129964,train,71.0,22.0,32.77883895221143
135081_1767718500,135081,train,-77.0,-93.0,-9.70250692577875
130238_1767718500,130238,train,-3.0,-74.0,-54.2671167002275
130238_1767718800,130238,train,-85.0,-49.0,21.74990712272947
133957_1767718800,133957,train,-35.0,13.0,-9.918087437891092
122658_1767718800,122658,train,107.0,-28.0,42.46219418888992
129964_1767718800,129964,train,39.0,80.0,70.86629717566649
135081_1767718800,135081,train,-153.0,-73.0,-62.056146320590926
133300_1767718800,133300,train,231.0,16.0,72.84829749550414
129964_1767719100,129964,train,-44.0,54.0,-26.380077534672335
135081_1767719100,135081,train,-144.0,-77.0,-22.148725875129323
130238_1767719100,130238,train,99.0,-16.0,-14.938913612057187
133957_1767719100,133957,train,-113.0,-35.0,-71.48856670071669
122658_1767719100,122658,train,88.0,90.0,104.03103329672622
122658_1767719400,122658,train,0.0,169.0,20.9065214898382
135081_1767719400,135081,train,-123.0,-101.0,-47.1755227452998
133957_1767719400,133957,train,-174.0,-8.0,28.154085921560643
130238_1767719400,130238,train,160.0,-85.0,-92.34764813493936
133300_1767719400,133300,train,-24.0,195.0,4.161205104031385
129964_1767719400,129964,train,-130.0,32.0,-57.46292821135881
135081_1767719700,135081,train,-137.0,-152.0,-92.58673558367019
122658_1767719700,122658,train,0.0,88.0,19.208626232317652
130238_1767719700,130238,train,134.0,-85.0,-39.78286079225272
129964_1767719700,129964,train,-135.0,7.0,-38.69080070215803
133957_1767719700,133957,train,-173.0,-78.0,-62.41783288362766
133300_1767719700,133300,train,22.0,231.0,29.609057311484428
133300_1767720000,133300,train,-46.0,231.0,43.32895431634786
122048_1767720000,122048,train,-336.0,0.0,-9.729901460071618
133957_1767720000,133957,train,-218.0,-107.0,-90.53850422427954
130238_1767720000,130238,train,35.0,145.0,55.4510274057585
122658_1767720000,122658,train,0.0,88.0,35.42218633350524
129964_1767720000,129964,train,-14.0,-78.0,-75.80408809875016
135081_1767720000,135081,train,-199.0,-138.0,-116.76940467850535
133300_1767720300,133300,train,-26.0,13.0,-20.79522134724579
129964_1767720300,129964,train,-105.0,-109.0,-45.78630496218535
135081_1767720300,135081,train,-231.0,-71.0,-116.65970844460213
122048_1767720300,122048,train,-130.0,0.0,65.34431866238457
130238_1767720300,130238,train,41.0,84.0,109.92862188817226
122658_1767720300,122658,train,0.0,0.0,20.061624479073895
122048_1767720600,122048,train,-32.0,0.0,-3.5204578538112625
129964_1767720600,129964,train,-10.0,-46.0,-40.547177164631904
122658_1767720600,122658,train,0.0,0.0,34.704395522819986
135081_1767720600,135081,train,-180.0,-222.0,-98.23174527092819
130238_1767720600,130238,train,-64.0,67.0,61.30896461378961
122048_1767720900,122048,train,-32.0,-196.0,-13.761759953893089
135081_1767720900,135081,train,-34.0,-190.0,-63.40313697228839
133957_1767720900,133957,train,67.0,-39.0,69.69176537004452
130238_1767720900,130238,train,-125.0,47.0,1.9154843039017377
122658_1767720900,122658,train,0.0,0.0,-18.437553690300557
129964_1767720900,129964,train,49.0,-49.0,-84.37179228860857
130238_1767721200,130238,train,-103.0,64.0,-46.528314119788114
133957_1767721200,133957,train,28.0,-39.0,69.14851842844368
122048_1767721200,122048,train,-108.0,79.0,25.765927670920078
122658_1767721200,122658,train,0.0,0.0,24.448763892112765
135081_1767721200,135081,train,4.0,-232.0,-76.37043862624375
135081_1767721500,135081,train,12.0,-54.0,-24.972207403248838
122048_1767721500,122048,train,-141.0,-9.0,-29.23633745600431
130238_1767721500,130238,train,-170.0,-59.0,-64.18088086266296
133957_1767721500,133957,train,83.0,-39.0,105.8038388842232
122048_1767721800,122048,train,-174.0,-68.0,-56.13327683427184
133957_1767721800,133957,train,-28.0,18.0,82.4099176342087
135081_1767721800,135081,train,48.0,18.0,9.501395576420366
122048_1767722100,122048,train,-157.0,-119.0,-20.361360222041885
133957_1767722100,133957,train,-73.0,52.0,87.27532540661554
132430_1767722400,132430,train,380.0,320.0,322.35294419284514
133300_1767722400,133300,train,310.0,-28.0,61.106738367024626
134040_1767722400,134040,train,107.0,50.0,69.96127317047554
122048_1767722400,122048,train,-146.0,-183.0,20.423934033001615
134040_1767722700,134040,train,295.0,80.0,103.68721758865414
133300_1767722700,133300,train,406.0,190.0,186.26650879902624
122048_1767722700,122048,train,-104.0,-139.0,-38.587544035078075
132430_1767722700,132430,train,324.0,385.0,257.49135924408074
133300_1767723000,133300,train,580.0,296.0,291.88672377462825
134040_1767723000,134040,train,407.0,132.0,79.83419988488421
122048_1767723000,122048,train,-70.0,-126.0,-43.6574055902931
132430_1767723000,132430,train,452.0,425.0,315.0513790518897
132430_1767723300,132430,train,333.0,340.0,267.4549576705873
122048_1767723300,122048,train,48.0,-73.0,69.53458260359997
134040_1767723300,134040,train,342.0,181.0,142.00126238268723
122048_1767723600,122048,train,66.0,-70.0,100.69902314912008
134040_1767723600,134040,train,401.0,389.0,252.79864134435627
132430_1767723600,132430,train,310.0,452.0,359.59795341146713
133300_1767723600,133300,train,-5.0,457.0,13.139126350141277
122048_1767723900,122048,train,50.0,51.0,127.07515558564404
132430_1767723900,132430,train,285.0,389.0,349.327071021387
134040_1767723900,134040,train,487.0,314.0,31.69423662735898
132430_1767724200,132430,train,309.0,256.0,307.86530682899576
134040_1767724200,134040,train,465.0,383.0,281.1068600641048
122048_1767724200,122048,train,35.0,50.0,129.47895170186248
131672_1767724200,131672,train,368.0,295.0,213.6434969855033
131672_1767724500,131672,train,365.0,317.0,239.69052509051468
122048_1767724500,122048,train,133.0,53.0,101.32351281809822
134040_1767724500,134040,train,409.0,438.0,260.3772004767435
132430_1767724500,132430,train,299.0,309.0,317.7410688438653
132430_1767724800,132430,train,45.0,329.0,32.687042926938645
122048_1767724800,122048,train,250.0,13.0,61.34281129450725
132430_1767725100,132430,train,45.0,304.0,93.10105072278749
122048_1767725100,122048,train,274.0,124.0,131.70380157329686
132430_1767725400,132430,train,-1.0,260.0,9.872788382594242
122048_1767725400,122048,train,356.0,292.0,213.79406562728494
122048_1767725700,122048,train,417.0,270.0,305.5490105456376
132430_1767725700,132430,train,27.0,45.0,38.02356282041506
122048_1767726000,122048,train,481.0,351.0,265.73318987111696
135081_1767726000,135081,train,311.0,197.0,217.84775067424005
122048_1767726300,122048,train,523.0,399.0,249.15927720502359
135081_1767726300,135081,train,146.0,282.0,266.4700460696457
135081_1767726600,135081,train,53.0,299.0,225.77206996004568
131672_1767726900,131672,train,-3.0,346.0,16.906673740839604
135081_1767726900,135081,train,-68.0,229.0,115.39648470982397
131672_1767727200,131672,train,-9.0,346.0,114.34722672235645
122048_1767727200,122048,train,-54.0,606.0,4.185963315550866
135081_1767727200,135081,train,-32.0,104.0,64.71763632101838
135081_1767727500,135081,train,-15.0,-22.0,-0.7162017644539583
131672_1767727500,131672,train,163.0,346.0,153.60329096498594
131672_1767727800,131672,train,302.0,-3.0,104.16999689040988
131672_1767728100,131672,train,382.0,100.0,137.68607343461542
131672_1767728400,131672,train,359.0,260.0,269.9550714659668
122048_1767728700,122048,train,-348.0,-54.0,-0.173984215768095
131672_1767728700,131672,train,492.0,359.0,239.9735740153139
133957_1767729000,133957,train,39.0,211.0,73.23445958085664
122048_1767729000,122048,train,-142.0,-54.0,85.98589011966978
131672_1767729000,131672,train,533.0,376.0,279.68198728302514
122048_1767729300,122048,train,36.0,-54.0,42.56972270058925
131672_1767729300,131672,train,478.0,432.0,266.31301397004955
133957_1767729300,133957,train,171.0,211.0,70.81837794911299
131672_1767729600,131672,train,557.0,541.0,270.8530186334852
133957_1767729600,133957,train,141.0,211.0,92.45148825510412
122048_1767729600,122048,train,41.0,-208.0,44.006580076158606
132430_1767729600,132430,train,21.0,35.0,107.28732266787355
122048_1767729900,122048,train,93.0,68.0,90.79720140483464
133957_1767729900,133957,train,126.0,198.0,198.09932973498888
132430_1767729900,132430,train,177.0,74.0,8.685030274826628
122048_1767730200,122048,train,99.0,85.0,39.21855735951368
130072_1767730200,130072,train,60.0,0.0,12.552027313515635
133957_1767730200,133957,train,83.0,189.0,202.40209725209039
132430_1767730200,132430,train,173.0,21.0,53.33804817863044
133957_1767730500,133957,train,53.0,142.0,156.23901365333487
122048_1767730500,122048,train,-3.0,104.0,45.32272005732926
132430_1767730500,132430,train,146.0,21.0,84.69255675589507
130072_1767730500,130072,train,60.0,0.0,82.87516979418605
130072_1767730800,130072,train,106.0,0.0,82.87516979418605
122048_1767730800,122048,train,25.0,103.0,82.55583783804556
133957_1767730800,133957,train,38.0,58.0,135.2790521691906
132430_1767730800,132430,train,234.0,177.0,233.8284157447622
133957_1767731100,133957,train,59.0,51.0,111.48079868403667
130072_1767731100,130072,train,22.0,60.0,101.48560422508335
122048_1767731100,122048,train,4.0,49.0,42.209222968637825
132430_1767731100,132430,train,277.0,174.0,227.98183779080287
132430_1767731400,132430,train,192.0,219.0,252.86347653002417
133957_1767731400,133957,train,46.0,16.0,74.8903007401392
130072_1767731400,130072,train,49.0,92.0,104.9412070886891
133957_1767731700,133957,train,116.0,96.0,161.66841838864715
130072_1767731700,130072,train,78.0,3.0,43.30461367211523
132430_1767731700,132430,train,201.0,268.0,313.08468871379887
131672_1767732000,131672,train,32.0,606.0,17.090809576049853
132430_1767732000,132430,train,167.0,235.0,270.26757991110895
130072_1767732000,130072,train,158.0,58.0,67.66822253149962
133957_1767732000,133957,train,129.0,29.0,141.5773143990814
130072_1767732300,130072,train,161.0,31.0,64.44871699292094
132430_1767732300,132430,train,337.0,163.0,60.08306253844473
131672_1767732300,131672,train,16.0,606.0,112.4358234401231
132430_1767732600,132430,train,338.0,194.0,174.49119146637165
133957_1767732600,133957,train,39.0,121.0,31.247354862895214
131672_1767732600,131672,train,34.0,606.0,160.25075694224927
135081_1767732600,135081,train,79.0,234.0,9.936412713596004
130072_1767732600,130072,train,226.0,204.0,164.78515954136293
131672_1767732900,131672,train,41.0,32.0,141.44619848223354
133957_1767732900,133957,train,-49.0,108.0,127.45682697681212
130072_1767732900,130072,train,187.0,170.0,154.28212843255855
132430_1767732900,132430,train,238.0,346.0,176.30342055463734
135081_1767732900,135081,train,136.0,234.0,121.02965336796643
130072_1767733200,130072,train,125.0,206.0,10.749258629709967
135081_1767733200,135081,train,40.0,234.0,120.8481496997689
133957_1767733200,133957,train,59.0,108.0,102.36625494149254
122048_1767733200,122048,train,0.0,0.0,18.48330067517038
132430_1767733200,132430,train,153.0,327.0,172.74471172683653
130072_1767733500,130072,train,125.0,194.0,48.73523949100034
122048_1767733500,122048,train,0.0,0.0,20.20590913125436
132430_1767733500,132430,train,168.0,306.0,222.35907310491257
133957_1767733500,133957,train,28.0,-19.0,28.400137189796887
135081_1767733500,135081,train,44.0,176.0,121.83124233845216
130072_1767733800,130072,train,168.0,182.0,7.232623831110341
135081_1767733800,135081,train,51.0,82.0,111.4904669265555
133957_1767733800,133957,train,15.0,4.0,11.34324053114733
122048_1767733800,122048,train,0.0,0.0,49.68840413772157
132430_1767733800,132430,train,179.0,181.0,135.06928357496065
135081_1767734100,135081,train,-16.0,-32.0,39.377111378959476
133957_1767734100,133957,train,45.0,44.0,69.29794351328307
130072_1767734100,130072,train,195.0,113.0,31.85340505989862
122048_1767734100,122048,train,0.0,0.0,31.944238668153798
132430_1767734100,132430,train,96.0,200.0,141.566148304711
133957_1767734400,133957,train,7.0,3.0,48.830479968849446
135081_1767734400,135081,train,-59.0,71.0,70.14746441999768
122048_1767734400,122048,train,0.0,0.0,38.99396844015629
130072_1767734400,130072,train,163.0,93.0,31.85340505989862
135081_1767734700,135081,train,-170.0,55.0,-27.898449170444593
130072_1767734700,130072,train,0.0,181.0,6.593070253653962
122048_1767734700,122048,train,0.0,0.0,2.3342116040495666
133957_1767734700,133957,train,65.0,51.0,55.90519945429133
134040_1767735000,134040,train,434.0,434.0,195.93702237673767
133957_1767735000,133957,train,21.0,-41.0,23.437363481861098
130072_1767735000,130072,train,0.0,163.0,25.921934409943635
130072_1767735300,130072,train,0.0,163.0,26.357635787595328
134040_1767735300,134040,train,434.0,434.0,195.93702237673767
133957_1767735300,133957,train,50.0,57.0,55.83388017061123
133957_1767735600,133957,train,77.0,21.0,65.24583701395154
130072_1767735600,130072,train,0.0,0.0,-6.193210972506357
134040_1767735900,134040,train,0.0,434.0,10.197888650812585
130072_1767735900,130072,train,0.0,0.0,0.2907953354973035
134040_1767736200,134040,train,0.0,434.0,67.98592433875056
130072_1767736200,130072,train,0.0,0.0,10.921908054185737
134040_1767736500,134040,train,0.0,434.0,68.45267343177804
130072_1767736500,130072,train,0.0,0.0,1.2144420717066426
134040_1767736800,134040,train,0.0,0.0,0.45534813154404086
135081_1767736800,135081,train,-98.0,-159.0,-102.60155623666495
133957_1767736800,133957,train,32.0,180.0,-1.9299294654006198
133957_1767737100,133957,train,-8.0,180.0,28.907267231524717
135081_1767737100,135081,train,37.0,-207.0,-90.82014905394696
134040_1767737100,134040,train,0.0,0.0,-0.46140285477428544
133957_1767737400,133957,train,27.0,180.0,83.31192820461368
135081_1767737400,135081,train,13.0,-68.0,-82.38514621661189
134040_1767737400,134040,train,0.0,0.0,-0.46140285477428544
133957_1767737700,133957,train,-22.0,26.0,52.178869698863586
135081_1767737700,135081,train,172.0,49.0,50.530649932229984
134040_1767737700,134040,train,0.0,0.0,-0.46140285477428544
134040_1767738000,134040,train,0.0,0.0,8.250403231325953
134494_1767738000,134494,train,0.0,0.0,0.1918491095866352
132430_1767738000,132430,train,90.0,96.0,5.377598050448488
135081_1767738000,135081,train,87.0,19.0,46.23524564941813
133957_1767738000,133957,train,-77.0,20.0,18.0236527190935
135081_1767738300,135081,train,73.0,90.0,116.32842386331063
134040_1767738300,134040,train,0.0,0.0,8.250403231325953
132430_1767738300,132430,train,108.0,96.0,77.39071637206276
134494_1767738300,134494,train,0.0,0.0,1.2789940639109014
134494_1767738600,134494,train,0.0,0.0,1.2789940639109014
134040_1767738600,134040,train,0.0,0.0,-0.46140285477428544
134494_1767738900,134494,train,0.0,0.0,-1.015040322955077
134040_1767738900,134040,train,0.0,0.0,-0.46140285477428544
134494_1767739200,134494,train,0.0,0.0,-2.272671219661123
134040_1767739200,134040,train,0.0,0.0,8.725071534918028
134040_1767739500,134040,train,0.0,0.0,8.387612924510693
134494_1767739500,134494,train,0.0,0.0,-1.015040322955077
134040_1767739800,134040,train,0.0,0.0,10.733117158254794
134494_1767739800,134494,train,0.0,0.0,-1.015040322955077
134494_1767740100,134494,train,0.0,0.0,0.9442424851950995
134040_1767740100,134040,train,0.0,0.0,16.913476715989784
134040_1767740400,134040,train,0.0,0.0,13.960961373797367
132430_1767740400,132430,train,151.0,19.0,-28.964183541239404
130072_1767740700,130072,train,0.0,0.0,5.56749975666515
132430_1767740700,132430,train,124.0,-13.0,19.67917745501298
134040_1767740700,134040,train,0.0,0.0,51.121444566265154
132430_1767741000,132430,train,60.0,168.0,76.34665527056134
130072_1767741000,130072,train,0.0,0.0,41.06228715005376
130072_1767741300,130072,train,0.0,0.0,48.45481367187291
132430_1767741300,132430,train,85.0,127.0,94.23355581982622
132430_1767741600,132430,train,189.0,99.0,20.718275161683856
130072_1767741600,130072,train,0.0,0.0,42.74969858130127
132430_1767741900,132430,train,160.0,29.0,71.20091739416203
130072_1767741900,130072,train,0.0,0.0,44.711141907637916
132430_1767742200,132430,train,74.0,147.0,91.9155801496797
134494_1767742200,134494,train,0.0,0.0,-1.015040322955077
134494_1767742500,134494,train,0.0,0.0,-1.015040322955077
134494_1767742800,134494,train,0.0,0.0,-0.5428813487871242
134494_1767743100,134494,train,0.0,0.0,-2.272671219661123
132430_1767743400,132430,train,91.0,74.0,4.587433903793497
132430_1767743700,132430,train,154.0,74.0,67.74112282801815
129964_1767665100,129964,test,-45.0,0.0,4.005820873999891
129964_1767665400,129964,test,-37.0,0.0,26.705472493332607
129964_1767665700,129964,test,-63.0,0.0,39.36119973362325
129964_1767666000,129964,test,-113.0,-58.0,21.11209891529148
129964_1767666300,129964,test,-3.0,-49.0,25.155590436137466
131672_1767666900,131672,test,79.0,0.0,2.282396372567415
131672_1767667200,131672,test,79.0,0.0,17.183809208047016
131672_1767667500,131672,test,212.0,0.0,18.660530745843257
131672_1767667800,131672,test,312.0,79.0,52.527164651586176
131672_1767668100,131672,test,273.0,212.0,143.74844851076824
129964_1767668400,129964,test,-26.0,-21.0,-18.54600206571292
131672_1767668400,131672,test,220.0,266.0,219.36803353165587
134040_1767668400,134040,test,71.0,0.0,12.277310831197365
134040_1767668700,134040,test,136.0,77.0,38.89638960757794
131672_1767668700,131672,test,407.0,317.0,192.3724416791384
129964_1767669000,129964,test,-51.0,-86.0,-2.1761143889613948
134040_1767669000,134040,test,119.0,71.0,25.50153603044172
131672_1767669000,131672,test,408.0,241.0,146.63303198329237
129964_1767669300,129964,test,-40.0,-39.0,-13.970025007727665
134040_1767669300,134040,test,151.0,149.0,85.6617509787964
131672_1767669300,131672,test,322.0,374.0,192.96496399231313
131672_1767669600,131672,test,294.0,412.0,223.88101500285006
134040_1767669600,134040,test,128.0,113.0,79.24762683662412
129964_1767669600,129964,test,-21.0,-39.0,36.868737106278985
129964_1767669900,129964,test,10.0,-42.0,19.865207550009682
134040_1767669900,134040,test,158.0,149.0,61.83982512504956
131672_1767672000,131672,test,72.0,207.0,7.555922229600672
131672_1767672300,131672,test,-66.0,236.0,6.447100794746913
131672_1767672600,131672,test,10.0,236.0,32.11971558164392
131672_1767672900,131672,test,27.0,24.0,3.717108657381033
131672_1767673200,131672,test,-43.0,18.0,-13.823429018677693
131672_1767673500,131672,test,-31.0,20.0,-18.03576807236678
132430_1767673800,132430,test,137.0,116.0,91.86297393969481
134040_1767673800,134040,test,332.0,116.0,107.00190209429512
132430_1767674100,132430,test,35.0,238.0,152.26036272615693
134040_1767674100,134040,test,369.0,179.0,141.2707849318081
132430_1767674400,132430,test,161.0,176.0,145.45112109613856
134040_1767674400,134040,test,362.0,350.0,288.4183843508891
134040_1767674700,134040,test,317.0,362.0,250.148744116197
132430_1767674700,132430,test,145.0,40.0,65.13531578512595
134040_1767675000,134040,test,253.0,357.0,299.93769444108
132430_1767675000,132430,test,118.0,182.0,128.55732526842178
132430_1767675300,132430,test,0.0,138.0,91.45199896475509
134040_1767675300,134040,test,100.0,375.0,19.787048323892968
134040_1767675600,134040,test,83.0,278.0,95.30004882332007
130238_1767675900,130238,test,37.0,233.0,2.040678034867818
134040_1767675900,134040,test,117.0,195.0,77.33713524218857
130238_1767676200,130238,test,56.0,233.0,26.332648593693705
134040_1767676200,134040,test,188.0,100.0,20.53445087710583
130238_1767676500,130238,test,76.0,233.0,37.12165695533988
134040_1767676500,134040,test,165.0,101.0,5.8870744632211
134040_1767676800,134040,test,116.0,212.0,10.7237518368924
130238_1767676800,130238,test,-9.0,37.0,85.21717179435537
130238_1767677100,130238,test,38.0,76.0,99.7039868355291
134040_1767677100,134040,test,112.0,212.0,36.310125722628484
131672_1767677400,131672,test,86.0,87.0,55.557962355299175
122048_1767679200,122048,test,154.0,179.0,134.19944980921733
133300_1767679200,133300,test,65.0,12.0,62.69561599841668
122048_1767679500,122048,test,55.0,184.0,80.19579826571625
133300_1767679800,133300,test,-49.0,63.0,5.005567368272773
122048_1767679800,122048,test,59.0,142.0,31.510833780817137
135081_1767679800,135081,test,6.0,-30.0,5.087996186569265
135081_1767680100,135081,test,42.0,-30.0,37.48060584934334
133300_1767680100,133300,test,-49.0,89.0,29.956123985973562
133300_1767680400,133300,test,-42.0,89.0,57.72571523360269
135081_1767680400,135081,test,-2.0,-30.0,41.53427821434035
133300_1767680700,133300,test,26.0,-49.0,14.898603320020678
135081_1767680700,135081,test,-23.0,6.0,59.68985664448568
135081_1767681000,135081,test,20.0,23.0,42.31504022161582
135081_1767681300,135081,test,71.0,-50.0,2.5968481828171144
135081_1767681600,135081,test,-36.0,18.0,53.991855993895534
135081_1767681900,135081,test,-25.0,62.0,-19.156875638766074
135081_1767682200,135081,test,-113.0,9.0,-73.40071529345336
135081_1767682500,135081,test,-145.0,-118.0,-75.30780130996533
122048_1767682800,122048,test,542.0,59.0,-5.422896280693359
134040_1767682800,134040,test,72.0,-56.0,2.769233137341891
135081_1767682800,135081,test,-127.0,-58.0,-80.48572870874906
122048_1767683100,122048,test,542.0,59.0,62.157794156278094
135081_1767683100,135081,test,-186.0,-157.0,-8.74467501326979
134040_1767683100,134040,test,131.0,45.0,47.29358090087905
135081_1767683400,135081,test,-182.0,-159.0,2.7436216110601435
122048_1767683400,122048,test,578.0,59.0,100.47054877621756
134040_1767683400,134040,test,29.0,-4.0,17.110375435149226
135081_1767683700,135081,test,-134.0,-84.0,57.73873404240069
134040_1767683700,134040,test,-62.0,133.0,36.090813085652286
122048_1767683700,122048,test,446.0,542.0,121.03368102694974
134040_1767684000,134040,test,48.0,143.0,31.93334094397288
122048_1767684000,122048,test,415.0,599.0,164.78845542657044
135081_1767684000,135081,test,-142.0,-135.0,-49.09676320536221
134040_1767684300,134040,test,86.0,48.0,19.73150009949372
122048_1767684300,122048,test,408.0,559.0,195.4064090105238
135081_1767684300,135081,test,-79.0,-91.0,-8.628369117309072
133957_1767684600,133957,test,22.0,53.0,81.74028379727099
133957_1767684900,133957,test,-55.0,75.0,44.436748070187186
133957_1767685200,133957,test,-36.0,21.0,18.48260977794899
133957_1767685500,133957,test,-95.0,-46.0,-33.13559466201381
133957_1767685800,133957,test,7.0,-66.0,-18.75003917235671
133957_1767686100,133957,test,-55.0,-95.0,-80.73078688291587
133957_1767686400,133957,test,9.0,-18.0,-20.013356493618193
134040_1767686400,134040,test,43.0,192.0,86.95547618168256
134040_1767686700,134040,test,6.0,127.0,108.81846209171593
133957_1767686700,133957,test,-42.0,-58.0,-11.025041696080065
134040_1767687000,134040,test,24.0,38.0,82.89571051517103
133957_1767687000,133957,test,3.0,-23.0,-13.83978546851247
134040_1767687300,134040,test,37.0,33.0,65.62115703186147
133957_1767687300,133957,test,79.0,-24.0,37.46379263623398
133957_1767687600,133957,test,45.0,-43.0,26.29891694526297
134040_1767687600,134040,test,113.0,78.0,-5.002708502953461
134040_1767687900,134040,test,149.0,37.0,48.39122536509422
133957_1767687900,133957,test,104.0,91.0,60.28058291052668
129964_1767688200,129964,test,221.0,47.0,80.54451182603185
133957_1767688200,133957,test,173.0,60.0,102.6379542903222
133957_1767688500,133957,test,190.0,63.0,82.2988908760777
133957_1767688800,133957,test,103.0,221.0,130.51138272380757
129964_1767688800,129964,test,-54.0,221.0,3.6685596089150208
133957_1767689100,133957,test,-9.0,150.0,10.266942846672197
129964_1767689100,129964,test,-78.0,221.0,15.902389723854695
129964_1767689400,129964,test,36.0,221.0,56.10254363170254
133957_1767689400,133957,test,-23.0,118.0,64.90115206944017
133957_1767689700,133957,test,-32.0,103.0,98.23575270972916
129964_1767689700,129964,test,81.0,-54.0,13.07570044673796
132430_1767690000,132430,test,-66.0,95.0,123.57783022214767
132430_1767690300,132430,test,-139.0,31.0,19.330469640544376
122613_1767691800,122613,test,69.0,1.0,-2.4934878481286527
131672_1767691800,131672,test,-92.0,-68.0,-49.28527268802117
133300_1767691800,133300,test,-58.0,108.0,0.7868929251554916
133300_1767692100,133300,test,-58.0,161.0,7.144641060476704
122613_1767692100,122613,test,-16.0,99.0,48.4889744211265
122613_1767692400,122613,test,-87.0,120.0,31.91682895842802
133300_1767692400,133300,test,-31.0,161.0,65.19471240369788
122613_1767692700,122613,test,-160.0,3.0,-21.078256719192204
133300_1767692700,133300,test,-41.0,-58.0,39.56880843994139
122613_1767693000,122613,test,-147.0,-29.0,-17.71633625245585
133300_1767693000,133300,test,-24.0,-51.0,-11.338849803281207
133300_1767693300,133300,test,47.0,-73.0,-18.423929266080687
122613_1767693300,122613,test,-146.0,-133.0,-33.38476098502929
130238_1767693600,130238,test,0.0,0.0,-40.32192357247373
130238_1767695100,130238,test,-47.0,0.0,2.2465684737232587
133300_1767695400,133300,test,33.0,-16.0,-21.827223330832265
133300_1767695700,133300,test,50.0,33.0,63.74237444201221
122658_1767695700,122658,test,9.0,-34.0,0.16390252453561355
122658_1767696000,122658,test,100.0,-34.0,5.986156386627523
133300_1767696000,133300,test,197.0,36.0,95.78862332355828
122658_1767696300,122658,test,271.0,-34.0,35.913221635014935
122658_1767696600,122658,test,376.0,57.0,84.41038294743645
133300_1767696600,133300,test,-52.0,97.0,1.5122278052086968
133300_1767696900,133300,test,-52.0,243.0,0.17748151540208218
122658_1767696900,122658,test,318.0,217.0,84.74044207882652
122613_1767697200,122613,test,0.0,31.0,-3.106119972541024
122658_1767697200,122658,test,352.0,247.0,207.42556495893584
122048_1767697200,122048,test,-68.0,-136.0,0.33233733758519657
122613_1767697500,122613,test,0.0,31.0,13.906335972308824
122048_1767697500,122048,test,-129.0,-186.0,33.23081274745283
122658_1767697500,122658,test,0.0,372.0,27.780947243295852
122613_1767697800,122613,test,0.0,0.0,-5.027662910537155
122658_1767697800,122658,test,0.0,316.0,135.49471286168045
122048_1767697800,122048,test,-129.0,-53.0,-73.14592925952616
122658_1767698100,122658,test,0.0,352.0,62.90651538346101
122048_1767698100,122048,test,-181.0,-108.0,-64.89341635904785
122613_1767698100,122613,test,0.0,0.0,-5.7503281549268666
122613_1767698400,122613,test,0.0,0.0,-6.484794136835721
122048_1767698400,122048,test,-194.0,-146.0,-56.11719272542461
122658_1767698400,122658,test,0.0,-8.0,5.277019522366431
122658_1767698700,122658,test,0.0,0.0,-0.6326560562859872
122048_1767698700,122048,test,-216.0,-196.0,-53.11368140022624
122613_1767698700,122613,test,0.0,0.0,-4.822964479201956
122658_1767699000,122658,test,0.0,0.0,-0.0860692403526675
122658_1767699300,122658,test,0.0,0.0,-9.098849484668332
122658_1767699600,122658,test,0.0,0.0,-7.637524110080705
122658_1767699900,122658,test,72.0,0.0,-2.4244394342854836
122658_1767700200,122658,test,183.0,0.0,-5.027020120522362
122658_1767700500,122658,test,192.0,-2.0,36.671529092332065
129964_1767700800,129964,test,77.0,-106.0,23.77077617194487
135081_1767700800,135081,test,-128.0,-7.0,-69.71217461180613
132430_1767700800,132430,test,-169.0,-103.0,-41.35532274501315
135081_1767701100,135081,test,-93.0,-93.0,-52.782033566383966
132430_1767701100,132430,test,-262.0,-91.0,-84.46793843999892
129964_1767701100,129964,test,80.0,62.0,100.65940576258504
129964_1767701400,129964,test,61.0,82.0,97.26411092481086
132430_1767701400,132430,test,-258.0,-51.0,-108.66471200056233
135081_1767701400,135081,test,-122.0,-89.0,-10.958657394322389
129964_1767701700,129964,test,-43.0,67.0,31.795588586801944
135081_1767701700,135081,test,19.0,-92.0,-34.99975361844709
132430_1767701700,132430,test,84.0,-260.0,-115.52649546993031
129964_1767702000,129964,test,-38.0,56.0,5.362927475228582
135081_1767702000,135081,test,9.0,-122.0,-14.25173816457068
132430_1767702000,132430,test,87.0,-276.0,-26.83218430940446
132430_1767702300,132430,test,90.0,33.0,85.55851434770024
135081_1767702300,135081,test,-39.0,-151.0,-34.196492497781314
129964_1767702300,129964,test,-108.0,4.0,-36.13641253159422
122613_1767702600,122613,test,64.0,-105.0,76.03694664392387
122613_1767702900,122613,test,64.0,49.0,91.959282185616
131672_1767704400,131672,test,94.0,84.0,60.5587324621497
131672_1767704700,131672,test,13.0,161.0,2.2125654818451497
131672_1767705000,131672,test,7.0,101.0,12.144294625389382
131672_1767705300,131672,test,-23.0,78.0,-0.42152836515225783
131672_1767705600,131672,test,24.0,13.0,-55.424810835964514
131672_1767705900,131672,test,9.0,5.0,2.0376626676772127
135081_1767706200,135081,test,155.0,9.0,24.357871467946428
122613_1767706200,122613,test,0.0,64.0,17.688515545421527
133957_1767706200,133957,test,222.0,139.0,132.44926717880557
135081_1767706500,135081,test,156.0,9.0,61.01547661202416
122613_1767706500,122613,test,0.0,64.0,16.722914172295408
133957_1767706500,133957,test,296.0,97.0,128.83846024109383
133957_1767706800,133957,test,294.0,161.0,133.93429845784468
135081_1767706800,135081,test,113.0,174.0,97.5135229248953
122613_1767706800,122613,test,0.0,0.0,-4.787269526827779
133957_1767707100,133957,test,182.0,385.0,250.6755208917995
122613_1767707100,122613,test,0.0,0.0,-5.176195715823016
135081_1767707100,135081,test,130.0,161.0,102.8255583774721
122613_1767707400,122613,test,0.0,0.0,-14.638653425875622
135081_1767707400,135081,test,247.0,181.0,126.06130020409685
133957_1767707400,133957,test,292.0,308.0,259.3012217925177
133957_1767707700,133957,test,252.0,205.0,200.37135262745036
135081_1767707700,135081,test,113.0,103.0,90.93693558721175
122613_1767707700,122613,test,0.0,0.0,-29.18273908973331
134040_1767708000,134040,test,60.0,218.0,107.59507038178626
122048_1767708000,122048,test,0.0,0.0,0.778293306004511
134040_1767708300,134040,test,25.0,201.0,95.76858497816963
122048_1767708300,122048,test,0.0,0.0,30.099716808780794
134040_1767708600,134040,test,61.0,82.0,130.66230270196672
134040_1767708900,134040,test,61.0,64.0,2.8629652819032105
134040_1767709200,134040,test,81.0,66.0,11.96456238675838
134040_1767709500,134040,test,56.0,56.0,42.08775872071389
122048_1767709500,122048,test,-276.0,0.0,-1.8723834489703761
133957_1767710100,133957,test,102.0,140.0,54.18384367328227
133957_1767710400,133957,test,98.0,140.0,96.94795973391204
133957_1767710700,133957,test,157.0,140.0,133.9993062944931
133957_1767711000,133957,test,144.0,93.0,136.62172556743798
133957_1767711300,133957,test,104.0,139.0,133.14409740007432
122048_1767711600,122048,test,106.0,14.0,-23.414352051624252
122613_1767711600,122613,test,0.0,0.0,59.15747068154998
129964_1767711600,129964,test,-143.0,-145.0,-98.0632154912202
129964_1767711900,129964,test,-3.0,-99.0,-104.13830480147816
122613_1767711900,122613,test,0.0,0.0,21.91818760897705
122048_1767711900,122048,test,85.0,98.0,47.258741562599084
129964_1767712200,129964,test,17.0,-96.0,-110.83379930676506
122048_1767712200,122048,test,83.0,68.0,43.82991171621352
122048_1767712500,122048,test,57.0,116.0,15.003904292558941
122613_1767712500,122613,test,0.0,0.0,-1.1356061528404326
129964_1767712800,129964,test,-108.0,21.0,-7.191170499160273
122048_1767712800,122048,test,-8.0,139.0,50.256464561994974
122613_1767712800,122613,test,0.0,0.0,-6.056371307438563
122613_1767713100,122613,test,0.0,0.0,-7.570707685602884
122048_1767713100,122048,test,92.0,70.0,-11.742018487161804
129964_1767713100,129964,test,-108.0,290.0,0.25555693183106193
134040_1767713400,134040,test,36.0,199.0,90.69211623599867
134040_1767713700,134040,test,21.0,203.0,70.08546460489472
134040_1767714000,134040,test,108.0,101.0,59.69253477713956
134040_1767714300,134040,test,-44.0,21.0,47.08428283877849
131672_1767715200,131672,test,-130.0,13.0,-10.399929084830113
135081_1767715200,135081,test,100.0,59.0,5.9337996375747855
131672_1767715500,131672,test,-99.0,-17.0,-5.176664445152924
135081_1767715500,135081,test,74.0,59.0,83.77852344829294
135081_1767715800,135081,test,82.0,59.0,85.98838804908505
131672_1767715800,131672,test,-59.0,-150.0,-79.75222855719895
135081_1767716100,135081,test,47.0,167.0,111.69479962431834
131672_1767716100,131672,test,-53.0,-104.0,-33.411237460915835
135081_1767716400,135081,test,118.0,60.0,88.87722144239824
131672_1767716400,131672,test,-55.0,-42.0,-10.090788900903423
131672_1767716700,131672,test,-74.0,30.0,49.556283736311
135081_1767716700,135081,test,137.0,73.0,101.99071098774715
133300_1767717000,133300,test,-12.0,128.0,0.1341831923632728
133957_1767717000,133957,test,134.0,66.0,107.90654131979602
133957_1767717300,133957,test,71.0,107.0,129.13630893728828
133300_1767717300,133300,test,-28.0,122.0,19.078977803553546
133957_1767717600,133957,test,37.0,85.0,86.41356986527862
133300_1767717600,133300,test,-46.0,122.0,1.5191214596886766
133957_1767717900,133957,test,-25.0,159.0,71.6876413342678
133300_1767717900,133300,test,25.0,-12.0,14.708294733546028
133957_1767718200,133957,test,-42.0,88.0,45.98970775803744
133300_1767718200,133300,test,26.0,32.0,9.197836335194923
133300_1767718500,133300,test,129.0,-20.0,24.658526928131153
133957_1767718500,133957,test,-28.0,-14.0,46.104305890905856
132430_1767720600,132430,test,141.0,440.0,190.4825534872646
133300_1767720600,133300,test,99.0,1.0,25.00949487763773
132430_1767720900,132430,test,216.0,65.0,102.83609637181915
133300_1767720900,133300,test,154.0,11.0,71.01785895856044
133300_1767721200,133300,test,113.0,41.0,57.57247322933245
132430_1767721200,132430,test,309.0,137.0,148.58532000067734
132430_1767721500,132430,test,359.0,191.0,164.62763396141426
134040_1767721500,134040,test,7.0,-44.0,4.383330872773434
133300_1767721500,133300,test,-28.0,128.0,1.7931765272427096
132430_1767721800,132430,test,295.0,279.0,279.07768014012476
133300_1767721800,133300,test,-28.0,113.0,27.21957135905014
134040_1767721800,134040,test,78.0,-44.0,27.57039820413701
131672_1767721800,131672,test,21.0,-118.0,7.427190636350831
131672_1767722100,131672,test,47.0,-118.0,42.431541701810474
132430_1767722100,132430,test,393.0,371.0,328.7326487772115
134040_1767722100,134040,test,106.0,-44.0,30.606563847516778
133300_1767722100,133300,test,193.0,113.0,17.03366327311755
133957_1767722400,133957,test,0.0,51.0,61.45616693980514
133957_1767722700,133957,test,-74.0,-48.0,6.041781637576423
133957_1767723000,133957,test,100.0,-23.0,28.47404654082408
133957_1767723300,133957,test,89.0,-74.0,-47.82010524880675
133957_1767723600,133957,test,114.0,90.0,50.01186972053567
133957_1767723900,133957,test,163.0,70.0,66.8576110480968
135081_1767724500,135081,test,112.0,48.0,8.876133605654895
135081_1767724800,135081,test,246.0,48.0,88.76323170187663
135081_1767725100,135081,test,166.0,48.0,94.47922132512285
135081_1767725400,135081,test,241.0,215.0,169.76304338638903
135081_1767725700,135081,test,313.0,188.0,195.57020235190285
132430_1767726000,132430,test,156.0,45.0,133.23264305603828
132430_1767726300,132430,test,141.0,50.0,147.8316460330637
132430_1767726600,132430,test,46.0,46.0,133.36756080693038
132430_1767726900,132430,test,10.0,152.0,169.51888067052363
132430_1767727200,132430,test,217.0,99.0,151.94599830218453
132430_1767727500,132430,test,260.0,18.0,40.32836527026315
135081_1767727800,135081,test,-58.0,-23.0,-34.33133250681127
135081_1767728100,135081,test,58.0,-10.0,-14.534835408867487
135081_1767728400,135081,test,40.0,-15.0,6.139364378447252
135081_1767728700,135081,test,-16.0,56.0,43.03151347894865
135081_1767729000,135081,test,-62.0,24.0,-12.509217549320233
135081_1767729300,135081,test,-45.0,14.0,-6.91193556401241
135081_1767729600,135081,test,24.0,-49.0,6.642632850992095
135081_1767729900,135081,test,206.0,-82.0,13.265411117175374
135081_1767730200,135081,test,197.0,27.0,47.16326192907091
135081_1767730500,135081,test,234.0,222.0,188.39529145934998
134040_1767730500,134040,test,121.0,393.0,48.91139642500866
134040_1767730800,134040,test,191.0,393.0,48.02982547013888
134040_1767731100,134040,test,150.0,393.0,50.34893607417198
134040_1767731400,134040,test,214.0,148.0,115.2705031436692
134040_1767731700,134040,test,152.0,195.0,156.88220910455243
134040_1767732000,134040,test,152.0,239.0,200.05866587548718
134040_1767732300,134040,test,181.0,178.0,182.29303036291807
134040_1767732600,134040,test,230.0,135.0,119.41725866644211
134040_1767732900,134040,test,315.0,192.0,179.4344068466715
131672_1767733200,131672,test,-15.0,-15.0,71.17575159670383
131672_1767733500,131672,test,-60.0,17.0,53.99071814155699
131672_1767733800,131672,test,-24.0,34.0,63.696530950884174
131672_1767734100,131672,test,-1.0,-30.0,4.369247485091303
131672_1767734400,131672,test,26.0,-31.0,-14.551248691291775
131672_1767734700,131672,test,12.0,19.0,-0.6390429361049048
135081_1767735000,135081,test,-184.0,-23.0,-90.18023411556962
135081_1767735300,135081,test,-69.0,-136.0,-59.03589301881916
135081_1767735600,135081,test,-88.0,-197.0,-8.179797411333045
135081_1767735900,135081,test,-130.0,-61.0,-52.72635839122773
135081_1767736200,135081,test,-161.0,-63.0,-7.372662341351258
135081_1767736500,135081,test,-191.0,-131.0,-26.51518799261998
132430_1767738600,132430,test,110.0,96.0,76.55528605298088
130072_1767738600,130072,test,0.0,0.0,46.65735400182844
132430_1767738900,132430,test,112.0,90.0,101.80147183176814
130072_1767738900,130072,test,0.0,0.0,45.19409270621887
132430_1767739200,132430,test,81.0,52.0,82.05525984346814
132430_1767739500,132430,test,-2.0,147.0,97.33045615449564
132430_1767739800,132430,test,8.0,89.0,88.8546742935866
132430_1767740100,132430,test,175.0,25.0,20.83675783126079
134494_1767740400,134494,test,0.0,0.0,0.9442424851950995
134494_1767740700,134494,test,0.0,0.0,-1.015040322955077
134494_1767741000,134494,test,0.0,0.0,-0.5428813487871242
134494_1767741300,134494,test,0.0,0.0,0.9442424851950995
134494_1767741600,134494,test,0.0,0.0,1.1904005186912834
134494_1767741900,134494,test,0.0,0.0,0.9442424851950995
