sample_id;prediction
131672_1767670500;3.9
131672_1767670800;44.5
131672_1767671100;110.1
131672_1767671400;120.7
134040_1767672000;35.7
134040_1767672300;31.5
134040_1767672600;38.9
134040_1767672900;5.8
134040_1767673200;61.9
134040_1767673500;55.5
122048_1767673800;85.6
122048_1767674100;62.8
122048_1767674400;16.6
122048_1767674700;-12.2
122048_1767675000;-1.6
122048_1767675300;-18.3
131672_1767675600;6.1
131672_1767675900;25.6
131672_1767676200;-4.8
131672_1767676500;-78.0
131672_1767676800;-19.7
131672_1767677100;-16.4
122658_1767679500;43.4
122658_1767679800;43.4
122658_1767680100;43.4
122658_1767680400;56.1
122658_1767680700;93.9
134040_1767684600;15.8
130238_1767684600;38.5
130238_1767684900;38.7
134040_1767684900;5.7
134040_1767685200;33.3
130238_1767685200;33.0
134040_1767685500;45.2
130238_1767685500;70.6
134040_1767685800;86.2
130238_1767685800;44.9
130238_1767686100;90.3
134040_1767686100;35.7
122658_1767686400;9.5
122658_1767686700;-6.2
122658_1767687000;8.3
122658_1767687300;40.8
122658_1767687600;5.0
122658_1767687900;0.8
122613_1767690000;43.0
122613_1767690300;43.0
122613_1767690600;66.5
122613_1767690900;39.7
122613_1767691200;33.8
122613_1767691500;33.0
122048_1767695400;-105.9
122048_1767695700;-6.9
122048_1767696000;-16.2
122048_1767696300;-1.5
122048_1767696600;21.4
122048_1767696900;-18.3
133300_1767699000;0.3
122048_1767699000;-89.6
133300_1767699300;16.8
122048_1767699300;-108.9
122048_1767699600;-113.6
133300_1767699600;63.9
122048_1767699900;-95.8
133300_1767699900;51.8
122048_1767700200;-13.8
133300_1767700200;72.1
122048_1767700500;60.9
133300_1767700500;119.8
133957_1767700800;54.0
133957_1767701100;76.9
133957_1767701400;79.6
133957_1767701700;35.8
133957_1767702000;109.7
133957_1767702300;55.6
129964_1767702600;15.5
129964_1767702900;-54.6
129964_1767703200;-63.8
129964_1767703500;-1.9
129964_1767704100;-13.3
122658_1767706200;23.4
122658_1767706500;0.9
122658_1767706800;-1.0
122658_1767707100;-3.4
122658_1767707400;-0.3
131672_1767709800;86.4
122048_1767709800;49.9
131672_1767710100;1.4
122048_1767710100;24.4
131672_1767710400;-19.2
122048_1767710400;8.8
122048_1767710700;8.8
131672_1767710700;-9.3
131672_1767711000;-11.1
122048_1767711000;101.8
122048_1767711300;7.4
131672_1767711300;2.1
132430_1767713400;114.8
133300_1767713400;-3.9
132430_1767713700;214.3
133300_1767713700;10.9
133300_1767714000;71.0
132430_1767714000;133.4
132430_1767714300;262.4
133300_1767714600;-4.2
132430_1767714600;258.7
132430_1767714900;275.2
133300_1767714900;-14.7
122048_1767717000;23.1
122048_1767717300;-36.3
122048_1767717600;-46.8
122613_1767718800;95.9
132430_1767720000;9.5
132430_1767720300;24.1
131672_1767722400;61.3
131672_1767722700;101.7
131672_1767723000;176.5
131672_1767723300;277.9
131672_1767723600;279.1
131672_1767723900;316.5
133957_1767724200;165.8
132430_1767727800;207.9
132430_1767728100;257.7
132430_1767728400;233.7
132430_1767728700;285.8
132430_1767729000;156.2
132430_1767729300;142.8
122048_1767731400;-33.2
122048_1767731700;6.0
122048_1767732000;42.0
122048_1767732300;-9.0
122048_1767732600;45.4
122048_1767732900;17.9
134040_1767733200;229.4
134040_1767733500;235.6
134040_1767733800;256.6
134040_1767734100;268.2
134040_1767734400;267.4
134040_1767734700;248.2
130072_1767736800;-2.3
130072_1767737100;-13.3
130072_1767737400;3.4
130072_1767737700;2.4
130072_1767738000;-4.5
130072_1767738300;-2.2
130072_1767742200;52.7
130072_1767742500;46.7
130072_1767742800;36.4
130072_1767743100;40.4
130072_1767743400;43.8
130072_1767743700;4.0
